transaction_id,date,category,price,quantity,subtotal,discount_percent,discount_amount,total_amount,customer_segment,region,sales_channel,customer_satisfaction,return_customer,month,quarter,day_of_week,is_weekend
TXN_000001,2022-04-13,Home & Garden,371.29,3,1113.87,0.5,5.73,1108.14,Budget,South,Online,4.7,False,4,Q2,Wednesday,False
TXN_000002,2023-05-07,Beauty,75.05,4,300.19,4.4,13.11,287.08,Premium,Central,Retail Store,4.6,True,5,Q2,Sunday,True
TXN_000003,2023-11-13,Home & Garden,487.53,3,1462.6,33.3,487.07,975.53,Regular,East,Online,3.7,False,11,Q4,Monday,False
TXN_000004,2022-10-01,Home & Garden,326.71,2,653.42,6.0,39.37,614.05,Budget,Central,Online,3.7,False,10,Q4,Saturday,True
TXN_000005,2023-03-04,Sports,183.39,3,550.16,4.6,25.42,524.73,Budget,West,Online,5.0,False,3,Q1,Saturday,True
TXN_000006,2023-12-31,Home & Garden,385.58,2,771.16,17.0,131.25,639.9,Budget,West,Online,4.4,True,12,Q4,Sunday,True
TXN_000007,2022-02-22,Clothing,232.22,4,928.87,7.3,68.15,860.72,Regular,North,Online,2.2,True,2,Q1,Tuesday,False
TXN_000008,2023-05-14,Electronics,804.77,1,804.77,21.6,173.65,631.12,Budget,South,Online,2.3,False,5,Q2,Sunday,True
TXN_000009,2022-02-02,Toys,42.36,5,211.81,12.7,26.97,184.84,Budget,East,Retail Store,3.5,False,2,Q1,Wednesday,False
TXN_000010,2023-05-18,Toys,45.85,3,137.55,2.7,3.71,133.84,Regular,South,Online,3.4,True,5,Q2,Thursday,False
TXN_000011,2022-08-29,Home & Garden,197.41,4,789.65,13.2,104.29,685.36,Budget,Central,Retail Store,4.5,True,8,Q3,Monday,False
TXN_000012,2023-07-28,Electronics,150.97,4,603.87,3.1,18.43,585.44,Budget,East,Online,3.9,False,7,Q3,Friday,False
TXN_000013,2022-07-09,Electronics,522.59,1,522.59,13.4,69.78,452.81,Regular,West,Online,3.0,False,7,Q3,Saturday,True
TXN_000014,2022-08-13,Books,38.42,7,268.93,1.0,2.62,266.31,Premium,North,Retail Store,3.6,True,8,Q3,Saturday,True
TXN_000015,2022-09-25,Beauty,143.82,3,431.45,13.6,58.79,372.66,Regular,North,Mobile App,3.1,False,9,Q3,Sunday,True
TXN_000016,2023-09-30,Clothing,147.48,2,294.96,9.2,27.26,267.7,Budget,West,Online,3.1,True,9,Q3,Saturday,True
TXN_000017,2022-10-21,Sports,211.16,2,422.33,21.5,90.63,331.7,Regular,North,Online,5.0,True,10,Q4,Friday,False
TXN_000018,2023-02-07,Clothing,130.71,3,392.13,14.9,58.58,333.55,Regular,West,Mobile App,3.6,False,2,Q1,Tuesday,False
TXN_000019,2023-10-03,Books,33.87,1,33.87,13.9,4.7,29.17,Regular,South,Online,4.3,True,10,Q4,Tuesday,False
TXN_000020,2022-01-02,Electronics,208.4,4,833.58,7.0,58.12,775.47,Regular,East,Online,4.1,False,1,Q1,Sunday,True
TXN_000021,2022-07-27,Books,55.44,6,332.62,19.5,64.92,267.7,Budget,East,Mobile App,3.7,False,7,Q3,Wednesday,False
TXN_000022,2023-04-18,Books,119.52,2,239.04,3.4,8.04,231.0,Premium,East,Retail Store,4.9,False,4,Q2,Tuesday,False
TXN_000023,2023-02-02,Sports,53.27,7,372.88,8.8,32.99,339.89,Budget,West,Retail Store,2.1,False,2,Q1,Thursday,False
TXN_000024,2023-07-17,Beauty,137.12,3,411.35,13.0,53.32,358.03,Budget,West,Retail Store,3.8,True,7,Q3,Monday,False
TXN_000025,2023-10-21,Home & Garden,65.67,1,65.67,23.8,15.65,50.02,Premium,Central,Online,4.3,True,10,Q4,Saturday,True
TXN_000026,2022-10-29,Sports,133.12,4,532.49,6.7,35.74,496.75,Budget,Central,Online,3.6,False,10,Q4,Saturday,True
TXN_000027,2022-01-18,Electronics,737.68,2,1475.37,11.1,163.94,1311.43,Regular,South,Retail Store,4.5,True,1,Q1,Tuesday,False
TXN_000028,2022-09-03,Toys,51.1,7,357.72,27.8,99.56,258.16,Regular,South,Mobile App,3.5,False,9,Q3,Saturday,True
TXN_000029,2022-02-05,Sports,70.67,6,423.99,4.9,20.87,403.12,Budget,West,Retail Store,4.7,True,2,Q1,Saturday,True
TXN_000030,2022-07-09,Sports,582.56,2,1165.12,13.1,152.12,1013.0,Premium,East,Online,3.7,False,7,Q3,Saturday,True
TXN_000031,2023-09-12,Sports,242.02,2,484.05,11.9,57.74,426.31,Premium,East,Retail Store,2.6,True,9,Q3,Tuesday,False
TXN_000032,2023-08-27,Clothing,41.92,5,209.59,0.9,1.83,207.76,Premium,North,Retail Store,4.1,False,8,Q3,Sunday,True
TXN_000033,2022-04-06,Beauty,32.37,1,32.37,6.5,2.12,30.25,Regular,Central,Retail Store,5.0,False,4,Q2,Wednesday,False
TXN_000034,2022-03-17,Clothing,218.6,1,218.6,1.0,2.23,216.38,Premium,West,Online,4.4,False,3,Q1,Thursday,False
TXN_000035,2023-03-29,Home & Garden,33.15,2,66.3,15.4,10.21,56.09,Regular,West,Online,1.9,False,3,Q1,Wednesday,False
TXN_000036,2022-06-29,Toys,12.14,3,36.43,10.3,3.74,32.69,Regular,North,Retail Store,2.5,False,6,Q2,Wednesday,False
TXN_000037,2022-12-02,Toys,142.2,4,568.78,21.3,121.29,447.49,Regular,East,Mobile App,4.1,False,12,Q4,Friday,False
TXN_000038,2022-09-25,Books,67.43,2,134.86,2.5,3.4,131.46,Regular,Central,Online,4.9,True,9,Q3,Sunday,True
TXN_000039,2023-05-14,Clothing,168.99,1,168.99,22.4,37.89,131.11,Regular,Central,Mobile App,3.0,False,5,Q2,Sunday,True
TXN_000040,2023-02-17,Home & Garden,223.52,1,223.52,8.5,19.06,204.46,Regular,South,Retail Store,3.4,False,2,Q1,Friday,False
TXN_000041,2022-04-09,Home & Garden,201.71,3,605.13,6.0,36.04,569.09,Regular,Central,Online,4.6,True,4,Q2,Saturday,True
TXN_000042,2022-03-03,Home & Garden,417.57,2,835.13,0.3,2.26,832.87,Regular,East,Online,4.4,False,3,Q1,Thursday,False
TXN_000043,2022-03-17,Electronics,605.4,2,1210.79,4.4,53.25,1157.54,Regular,West,Retail Store,3.0,False,3,Q1,Thursday,False
TXN_000044,2023-04-14,Home & Garden,297.65,4,1190.59,29.9,355.97,834.62,Budget,South,Mobile App,5.0,True,4,Q2,Friday,False
TXN_000045,2022-06-12,Toys,111.13,3,333.39,15.7,52.18,281.2,Premium,South,Mobile App,4.0,True,6,Q2,Sunday,True
TXN_000046,2023-01-28,Clothing,269.93,2,539.85,12.9,69.9,469.96,Premium,East,Retail Store,4.2,False,1,Q1,Saturday,True
TXN_000047,2023-10-19,Toys,97.72,1,97.72,27.7,27.03,70.69,Budget,East,Mobile App,1.6,True,10,Q4,Thursday,False
TXN_000048,2023-03-27,Sports,27.36,4,109.44,2.9,3.22,106.23,Regular,West,Online,4.8,True,3,Q1,Monday,False
TXN_000049,2022-01-01,Books,50.84,6,305.01,24.1,73.45,231.57,Regular,West,Online,3.2,True,1,Q1,Saturday,True
TXN_000050,2023-11-03,Sports,64.53,5,322.66,28.5,92.09,230.58,Premium,West,Online,4.4,True,11,Q4,Friday,False
TXN_000051,2022-08-21,Electronics,1024.32,1,1024.32,11.9,122.25,902.08,Budget,East,Mobile App,5.0,True,8,Q3,Sunday,True
TXN_000052,2022-03-31,Clothing,195.42,4,781.67,8.0,62.86,718.81,Premium,East,Retail Store,3.4,False,3,Q1,Thursday,False
TXN_000053,2023-12-25,Sports,282.38,1,282.38,15.0,42.38,240.0,Premium,South,Retail Store,4.8,True,12,Q4,Monday,False
TXN_000054,2022-01-05,Toys,60.56,6,363.36,18.7,68.09,295.27,Budget,North,Online,3.3,False,1,Q1,Wednesday,False
TXN_000055,2023-11-20,Sports,42.8,1,42.8,25.9,11.07,31.73,Regular,North,Online,3.7,False,11,Q4,Monday,False
TXN_000056,2022-01-23,Sports,161.09,2,322.18,23.9,76.84,245.33,Budget,North,Online,2.8,False,1,Q1,Sunday,True
TXN_000057,2023-03-22,Electronics,1665.89,2,3331.78,4.6,153.82,3177.96,Premium,South,Retail Store,5.0,False,3,Q1,Wednesday,False
TXN_000058,2022-08-24,Sports,87.8,3,263.39,10.6,27.82,235.57,Regular,Central,Retail Store,3.4,True,8,Q3,Wednesday,False
TXN_000059,2023-02-26,Home & Garden,490.72,2,981.44,11.3,110.64,870.8,Regular,East,Online,4.0,False,2,Q1,Sunday,True
TXN_000060,2023-06-26,Toys,53.66,1,53.66,3.9,2.08,51.58,Budget,North,Retail Store,4.6,True,6,Q2,Monday,False
TXN_000061,2023-06-30,Beauty,106.13,1,106.13,4.5,4.83,101.31,Regular,East,Online,3.8,False,6,Q2,Friday,False
TXN_000062,2022-07-14,Books,46.07,2,92.13,4.2,3.89,88.24,Regular,East,Online,2.7,True,7,Q3,Thursday,False
TXN_000063,2023-06-18,Sports,326.23,1,326.23,13.0,42.54,283.69,Regular,South,Mobile App,3.4,True,6,Q2,Sunday,True
TXN_000064,2022-02-16,Electronics,1097.13,2,2194.27,21.7,476.32,1717.95,Budget,Central,Online,2.7,True,2,Q1,Wednesday,False
TXN_000065,2022-09-10,Home & Garden,83.48,3,250.44,0.9,2.3,248.14,Budget,West,Online,4.5,True,9,Q3,Saturday,True
TXN_000066,2022-01-07,Books,44.26,6,265.58,8.0,21.22,244.36,Budget,South,Retail Store,3.0,True,1,Q1,Friday,False
TXN_000067,2023-09-23,Sports,77.96,7,545.69,7.1,38.8,506.9,Regular,South,Retail Store,2.9,False,9,Q3,Saturday,True
TXN_000068,2022-08-21,Sports,290.42,4,1161.69,8.8,102.21,1059.49,Regular,South,Retail Store,2.7,False,8,Q3,Sunday,True
TXN_000069,2023-07-08,Electronics,637.22,2,1274.44,23.3,297.48,976.96,Regular,South,Online,2.0,True,7,Q3,Saturday,True
TXN_000070,2022-10-04,Beauty,51.73,4,206.93,13.1,27.13,179.79,Budget,North,Online,3.2,False,10,Q4,Tuesday,False
TXN_000071,2023-07-02,Toys,116.5,4,466.02,10.8,50.22,415.8,Budget,North,Retail Store,3.9,False,7,Q3,Sunday,True
TXN_000072,2022-01-26,Books,95.78,5,478.92,18.4,88.15,390.77,Premium,East,Online,4.5,True,1,Q1,Wednesday,False
TXN_000073,2022-01-01,Clothing,187.98,2,375.97,14.2,53.5,322.46,Regular,East,Mobile App,4.2,True,1,Q1,Saturday,True
TXN_000074,2022-09-18,Toys,86.85,2,173.7,3.5,6.03,167.67,Regular,South,Online,2.2,True,9,Q3,Sunday,True
TXN_000075,2023-07-04,Toys,102.92,3,308.77,13.9,42.91,265.86,Budget,West,Retail Store,2.8,False,7,Q3,Tuesday,False
TXN_000076,2023-07-26,Sports,96.08,1,96.08,20.4,19.57,76.52,Budget,East,Online,2.2,False,7,Q3,Wednesday,False
TXN_000077,2023-02-14,Beauty,81.38,5,406.92,16.6,67.41,339.5,Regular,South,Mobile App,1.9,False,2,Q1,Tuesday,False
TXN_000078,2022-01-23,Toys,80.38,1,80.38,13.6,10.93,69.45,Regular,South,Retail Store,2.7,False,1,Q1,Sunday,True
TXN_000079,2022-07-17,Beauty,76.57,3,229.71,27.3,62.82,166.89,Regular,West,Mobile App,4.0,False,7,Q3,Sunday,True
TXN_000080,2023-07-04,Electronics,380.67,1,380.67,11.4,43.54,337.13,Budget,West,Retail Store,5.0,False,7,Q3,Tuesday,False
TXN_000081,2022-04-28,Beauty,72.92,3,218.76,11.6,25.33,193.43,Budget,Central,Retail Store,1.1,True,4,Q2,Thursday,False
TXN_000082,2023-09-19,Books,49.59,2,99.17,29.0,28.74,70.43,Regular,Central,Mobile App,3.2,False,9,Q3,Tuesday,False
TXN_000083,2022-05-14,Toys,74.68,6,448.08,0.3,1.22,446.87,Regular,South,Retail Store,5.0,False,5,Q2,Saturday,True
TXN_000084,2023-04-05,Home & Garden,178.09,4,712.36,14.4,102.3,610.06,Budget,South,Mobile App,3.3,True,4,Q2,Wednesday,False
TXN_000085,2022-02-20,Sports,40.33,1,40.33,15.0,6.04,34.29,Budget,Central,Mobile App,5.0,True,2,Q1,Sunday,True
TXN_000086,2022-05-17,Clothing,195.84,1,195.84,13.4,26.31,169.53,Regular,East,Online,3.9,False,5,Q2,Tuesday,False
TXN_000087,2023-01-21,Toys,45.46,2,90.92,7.5,6.8,84.12,Budget,East,Retail Store,3.0,False,1,Q1,Saturday,True
TXN_000088,2022-06-10,Electronics,1414.77,1,1414.77,12.9,182.21,1232.56,Regular,West,Online,3.5,False,6,Q2,Friday,False
TXN_000089,2022-12-27,Electronics,3066.01,2,6132.03,23.7,1451.3,4680.73,Premium,North,Online,3.5,False,12,Q4,Tuesday,False
TXN_000090,2023-11-01,Sports,208.99,1,208.99,28.9,60.44,148.55,Regular,East,Online,2.4,False,11,Q4,Wednesday,False
TXN_000091,2022-04-23,Clothing,270.88,3,812.64,22.4,182.32,630.32,Premium,Central,Online,3.5,False,4,Q2,Saturday,True
TXN_000092,2022-03-28,Toys,23.02,2,46.03,5.8,2.66,43.37,Budget,North,Online,3.9,False,3,Q1,Monday,False
TXN_000093,2022-11-24,Beauty,123.77,5,618.87,39.8,246.3,372.58,Premium,South,Mobile App,4.0,False,11,Q4,Thursday,False
TXN_000094,2022-07-01,Sports,152.49,3,457.48,0.7,3.03,454.44,Budget,North,Online,3.2,True,7,Q3,Friday,False
TXN_000095,2023-07-02,Sports,204.97,2,409.93,6.7,27.47,382.46,Budget,East,Online,4.5,True,7,Q3,Sunday,True
TXN_000096,2022-09-13,Beauty,82.11,5,410.55,24.5,100.56,309.99,Regular,West,Mobile App,2.1,True,9,Q3,Tuesday,False
TXN_000097,2022-06-07,Books,72.62,1,72.62,6.4,4.68,67.94,Regular,North,Online,5.0,True,6,Q2,Tuesday,False
TXN_000098,2022-08-23,Beauty,159.14,2,318.29,22.9,72.75,245.53,Budget,Central,Online,3.7,True,8,Q3,Tuesday,False
TXN_000099,2022-12-22,Electronics,876.61,1,876.61,18.5,162.09,714.53,Regular,South,Retail Store,3.0,False,12,Q4,Thursday,False
TXN_000100,2023-03-31,Clothing,358.85,2,717.69,5.3,38.1,679.6,Regular,South,Retail Store,3.0,False,3,Q1,Friday,False
TXN_000101,2023-12-06,Books,16.32,3,48.97,34.1,16.72,32.25,Regular,Central,Mobile App,4.2,False,12,Q4,Wednesday,False
TXN_000102,2022-02-24,Toys,95.4,2,190.8,2.4,4.64,186.17,Budget,West,Retail Store,3.1,False,2,Q1,Thursday,False
TXN_000103,2023-05-22,Sports,77.18,1,77.18,15.0,11.54,65.63,Budget,North,Online,4.5,True,5,Q2,Monday,False
TXN_000104,2022-05-11,Clothing,117.35,4,469.4,2.3,10.75,458.65,Budget,West,Online,2.6,False,5,Q2,Wednesday,False
TXN_000105,2022-01-17,Clothing,260.32,1,260.32,10.4,27.03,233.29,Premium,East,Retail Store,4.6,False,1,Q1,Monday,False
TXN_000106,2023-06-21,Clothing,125.63,3,376.89,6.0,22.56,354.33,Regular,North,Mobile App,4.4,False,6,Q2,Wednesday,False
TXN_000107,2023-12-12,Electronics,603.18,1,603.18,19.3,116.29,486.89,Regular,Central,Retail Store,3.5,False,12,Q4,Tuesday,False
TXN_000108,2023-01-07,Toys,45.05,3,135.15,7.2,9.75,125.4,Budget,East,Retail Store,3.1,False,1,Q1,Saturday,True
TXN_000109,2022-06-20,Clothing,178.35,4,713.39,7.8,55.66,657.73,Regular,North,Retail Store,4.5,True,6,Q2,Monday,False
TXN_000110,2022-04-18,Beauty,55.93,3,167.8,14.1,23.64,144.16,Budget,Central,Retail Store,3.9,False,4,Q2,Monday,False
TXN_000111,2022-02-08,Beauty,97.66,6,585.96,6.3,37.03,548.93,Premium,West,Retail Store,3.6,False,2,Q1,Tuesday,False
TXN_000112,2023-11-20,Books,34.8,6,208.77,15.3,31.99,176.78,Budget,Central,Online,4.4,True,11,Q4,Monday,False
TXN_000113,2022-12-10,Home & Garden,87.2,2,174.4,17.4,30.38,144.02,Budget,West,Retail Store,5.0,True,12,Q4,Saturday,True
TXN_000114,2023-10-22,Sports,137.59,1,137.59,5.5,7.58,130.0,Budget,East,Online,2.7,True,10,Q4,Sunday,True
TXN_000115,2022-09-16,Beauty,141.14,2,282.28,7.7,21.82,260.46,Budget,East,Retail Store,1.8,False,9,Q3,Friday,False
TXN_000116,2022-05-25,Books,67.11,6,402.65,8.9,35.81,366.84,Regular,Central,Retail Store,3.6,False,5,Q2,Wednesday,False
TXN_000117,2023-09-02,Books,71.42,3,214.27,18.8,40.22,174.05,Regular,Central,Mobile App,3.9,True,9,Q3,Saturday,True
TXN_000118,2022-05-04,Toys,8.02,3,24.06,17.1,4.11,19.95,Budget,Central,Online,4.1,True,5,Q2,Wednesday,False
TXN_000119,2023-08-16,Clothing,126.91,4,507.65,19.1,97.18,410.47,Regular,East,Mobile App,4.6,True,8,Q3,Wednesday,False
TXN_000120,2022-09-19,Books,60.88,4,243.51,6.0,14.53,228.98,Budget,North,Online,2.3,False,9,Q3,Monday,False
TXN_000121,2022-12-22,Toys,186.44,4,745.74,18.6,139.02,606.73,Premium,South,Retail Store,3.6,False,12,Q4,Thursday,False
TXN_000122,2023-08-12,Sports,176.0,2,352.0,20.8,73.2,278.8,Regular,East,Mobile App,4.0,True,8,Q3,Saturday,True
TXN_000123,2023-12-01,Sports,254.83,2,509.67,15.2,77.62,432.05,Regular,South,Retail Store,3.4,False,12,Q4,Friday,False
TXN_000124,2023-04-29,Clothing,229.98,4,919.93,0.9,7.99,911.94,Budget,South,Retail Store,4.3,True,4,Q2,Saturday,True
TXN_000125,2022-07-29,Clothing,196.15,3,588.46,12.3,72.51,515.95,Budget,East,Retail Store,2.7,False,7,Q3,Friday,False
TXN_000126,2023-04-04,Clothing,26.37,2,52.75,7.6,3.99,48.76,Regular,Central,Mobile App,3.4,False,4,Q2,Tuesday,False
TXN_000127,2022-09-28,Toys,125.63,3,376.89,26.7,100.63,276.25,Regular,South,Mobile App,3.1,False,9,Q3,Wednesday,False
TXN_000128,2023-03-16,Home & Garden,372.35,3,1117.06,24.0,268.12,848.94,Regular,East,Mobile App,3.4,False,3,Q1,Thursday,False
TXN_000129,2023-05-22,Electronics,607.9,2,1215.81,14.1,171.05,1044.76,Regular,Central,Online,4.0,True,5,Q2,Monday,False
TXN_000130,2023-06-23,Home & Garden,146.18,1,146.18,24.0,35.12,111.06,Premium,East,Mobile App,4.6,True,6,Q2,Friday,False
TXN_000131,2023-11-24,Home & Garden,360.74,4,1442.96,10.0,144.17,1298.79,Budget,North,Retail Store,3.7,False,11,Q4,Friday,False
TXN_000132,2023-05-16,Sports,347.76,4,1391.03,11.6,161.57,1229.46,Regular,Central,Online,2.4,False,5,Q2,Tuesday,False
TXN_000133,2022-12-04,Beauty,195.32,2,390.64,14.7,57.33,333.31,Regular,Central,Mobile App,4.3,True,12,Q4,Sunday,True
TXN_000134,2023-04-08,Beauty,129.36,4,517.44,12.9,66.97,450.46,Regular,South,Online,4.2,True,4,Q2,Saturday,True
TXN_000135,2023-08-12,Home & Garden,300.33,3,901.0,7.6,68.6,832.4,Premium,South,Mobile App,3.8,False,8,Q3,Saturday,True
TXN_000136,2023-09-27,Beauty,190.65,1,190.65,28.7,54.69,135.96,Premium,South,Mobile App,3.6,False,9,Q3,Wednesday,False
TXN_000137,2022-03-25,Beauty,222.79,3,668.36,0.6,4.09,664.28,Premium,West,Retail Store,4.1,True,3,Q1,Friday,False
TXN_000138,2022-01-14,Books,60.74,4,242.95,9.2,22.44,220.51,Regular,Central,Retail Store,4.7,True,1,Q1,Friday,False
TXN_000139,2022-12-22,Sports,77.91,7,545.35,18.1,98.97,446.38,Regular,East,Online,3.9,False,12,Q4,Thursday,False
TXN_000140,2023-03-21,Sports,147.85,3,443.54,24.0,106.54,337.0,Regular,West,Online,1.9,False,3,Q1,Tuesday,False
TXN_000141,2022-01-24,Home & Garden,323.66,4,1294.65,8.8,114.2,1180.45,Regular,West,Retail Store,4.5,True,1,Q1,Monday,False
TXN_000142,2023-05-27,Home & Garden,350.36,2,700.72,13.7,95.9,604.83,Budget,East,Retail Store,5.0,True,5,Q2,Saturday,True
TXN_000143,2022-08-25,Clothing,157.47,3,472.41,7.4,34.88,437.53,Regular,South,Retail Store,3.8,True,8,Q3,Thursday,False
TXN_000144,2023-01-16,Toys,93.01,7,651.06,16.3,106.14,544.92,Regular,South,Online,3.3,False,1,Q1,Monday,False
TXN_000145,2022-01-28,Clothing,208.19,1,208.19,5.9,12.29,195.9,Regular,West,Online,3.7,True,1,Q1,Friday,False
TXN_000146,2022-09-27,Clothing,138.09,4,552.36,14.2,78.59,473.77,Budget,West,Retail Store,3.6,True,9,Q3,Tuesday,False
TXN_000147,2022-10-11,Electronics,1107.72,1,1107.72,26.6,294.71,813.01,Regular,Central,Mobile App,3.3,False,10,Q4,Tuesday,False
TXN_000148,2022-09-08,Sports,51.82,6,310.9,16.0,49.74,261.16,Premium,West,Online,5.0,True,9,Q3,Thursday,False
TXN_000149,2023-04-30,Sports,50.21,1,50.21,11.4,5.71,44.5,Regular,West,Online,4.2,True,4,Q2,Sunday,True
TXN_000150,2022-06-27,Toys,132.26,4,529.05,3.0,16.02,513.04,Premium,West,Retail Store,4.3,True,6,Q2,Monday,False
TXN_000151,2022-12-07,Electronics,2212.68,1,2212.68,38.2,845.44,1367.24,Regular,Central,Mobile App,4.3,True,12,Q4,Wednesday,False
TXN_000152,2022-05-25,Clothing,133.53,4,534.11,10.1,54.2,479.91,Budget,North,Retail Store,2.2,True,5,Q2,Wednesday,False
TXN_000153,2023-10-16,Sports,353.11,1,353.11,14.9,52.61,300.49,Premium,South,Retail Store,4.8,False,10,Q4,Monday,False
TXN_000154,2023-08-12,Toys,113.38,4,453.53,12.1,54.96,398.57,Regular,West,Retail Store,3.2,False,8,Q3,Saturday,True
TXN_000155,2022-10-06,Books,108.13,1,108.13,14.1,15.23,92.89,Premium,North,Online,5.0,True,10,Q4,Thursday,False
TXN_000156,2023-08-28,Electronics,1091.83,2,2183.66,14.7,320.49,1863.18,Regular,West,Online,5.0,True,8,Q3,Monday,False
TXN_000157,2022-01-03,Sports,244.4,4,977.6,14.5,141.79,835.8,Budget,Central,Online,2.3,False,1,Q1,Monday,False
TXN_000158,2022-02-12,Toys,93.65,2,187.3,0.2,0.35,186.95,Budget,Central,Online,1.9,False,2,Q1,Saturday,True
TXN_000159,2022-05-04,Toys,44.09,3,132.26,17.1,22.68,109.58,Regular,West,Mobile App,2.9,True,5,Q2,Wednesday,False
TXN_000160,2023-07-18,Beauty,71.85,7,502.94,10.7,54.03,448.91,Regular,South,Retail Store,3.3,True,7,Q3,Tuesday,False
TXN_000161,2023-10-06,Clothing,120.72,3,362.17,4.6,16.77,345.4,Premium,Central,Online,4.8,False,10,Q4,Friday,False
TXN_000162,2022-03-25,Home & Garden,66.34,6,398.06,14.3,56.81,341.25,Regular,Central,Retail Store,3.0,False,3,Q1,Friday,False
TXN_000163,2022-04-28,Sports,226.86,1,226.86,13.9,31.57,195.29,Budget,South,Online,3.5,True,4,Q2,Thursday,False
TXN_000164,2023-08-03,Clothing,179.96,4,719.83,24.2,173.96,545.88,Regular,South,Mobile App,3.7,True,8,Q3,Thursday,False
TXN_000165,2023-03-15,Clothing,70.16,1,70.16,15.2,10.65,59.51,Budget,Central,Online,3.2,False,3,Q1,Wednesday,False
TXN_000166,2023-10-12,Electronics,939.43,1,939.43,10.1,95.24,844.2,Premium,East,Retail Store,4.1,True,10,Q4,Thursday,False
TXN_000167,2023-09-29,Toys,71.15,3,213.45,11.6,24.74,188.72,Budget,East,Retail Store,3.7,True,9,Q3,Friday,False
TXN_000168,2022-12-19,Home & Garden,116.14,4,464.55,20.0,92.7,371.85,Regular,North,Retail Store,3.3,False,12,Q4,Monday,False
TXN_000169,2023-03-04,Books,54.81,6,328.87,10.0,33.03,295.84,Regular,East,Retail Store,2.6,False,3,Q1,Saturday,True
TXN_000170,2023-09-06,Electronics,1792.07,1,1792.07,24.0,430.84,1361.23,Regular,West,Online,2.7,False,9,Q3,Wednesday,False
TXN_000171,2022-10-30,Electronics,506.03,2,1012.07,23.2,234.59,777.48,Premium,West,Online,5.0,True,10,Q4,Sunday,True
TXN_000172,2022-12-14,Books,17.17,5,85.84,29.3,25.12,60.72,Budget,North,Mobile App,3.7,True,12,Q4,Wednesday,False
TXN_000173,2022-06-10,Sports,581.68,2,1163.35,2.2,25.49,1137.86,Premium,West,Online,3.6,False,6,Q2,Friday,False
TXN_000174,2023-03-25,Books,67.77,6,406.62,9.0,36.78,369.85,Regular,West,Mobile App,2.4,False,3,Q1,Saturday,True
TXN_000175,2022-05-23,Beauty,119.82,4,479.27,21.9,105.2,374.07,Regular,North,Online,3.1,False,5,Q2,Monday,False
TXN_000176,2022-05-14,Books,45.5,4,182.0,17.4,31.62,150.38,Budget,East,Online,4.1,True,5,Q2,Saturday,True
TXN_000177,2022-09-23,Electronics,924.54,1,924.54,7.5,69.7,854.84,Budget,North,Retail Store,2.9,False,9,Q3,Friday,False
TXN_000178,2022-01-25,Sports,132.79,4,531.16,24.1,127.89,403.27,Regular,West,Online,3.9,False,1,Q1,Tuesday,False
TXN_000179,2022-05-08,Home & Garden,118.29,2,236.58,9.7,22.86,213.73,Budget,Central,Online,1.9,False,5,Q2,Sunday,True
TXN_000180,2022-12-11,Clothing,201.4,2,402.8,8.3,33.46,369.34,Premium,North,Retail Store,5.0,False,12,Q4,Sunday,True
TXN_000181,2023-05-09,Books,22.44,4,89.77,12.7,11.36,78.41,Regular,West,Mobile App,3.8,False,5,Q2,Tuesday,False
TXN_000182,2022-05-04,Beauty,67.69,7,473.83,13.1,62.25,411.58,Budget,Central,Online,4.2,True,5,Q2,Wednesday,False
TXN_000183,2023-03-31,Sports,200.89,1,200.89,10.2,20.52,180.37,Premium,East,Retail Store,4.5,True,3,Q1,Friday,False
TXN_000184,2022-03-06,Sports,27.59,2,55.18,29.0,16.0,39.18,Regular,Central,Mobile App,4.6,True,3,Q1,Sunday,True
TXN_000185,2023-05-12,Home & Garden,208.9,1,208.9,16.3,34.04,174.87,Budget,South,Online,3.1,False,5,Q2,Friday,False
TXN_000186,2023-03-12,Sports,102.39,1,102.39,14.1,14.48,87.91,Budget,North,Retail Store,3.6,False,3,Q1,Sunday,True
TXN_000187,2023-07-14,Sports,325.08,2,650.15,16.3,105.67,544.48,Premium,Central,Mobile App,2.3,True,7,Q3,Friday,False
TXN_000188,2022-06-22,Books,17.4,4,69.59,1.0,0.66,68.93,Regular,Central,Online,3.4,False,6,Q2,Wednesday,False
TXN_000189,2023-01-20,Sports,463.75,3,1391.26,24.3,337.64,1053.62,Premium,Central,Online,4.4,False,1,Q1,Friday,False
TXN_000190,2023-05-14,Home & Garden,308.94,2,617.88,2.1,12.69,605.19,Premium,South,Online,4.2,False,5,Q2,Sunday,True
TXN_000191,2022-08-11,Electronics,1757.86,1,1757.86,24.0,421.81,1336.05,Regular,North,Online,3.5,False,8,Q3,Thursday,False
TXN_000192,2023-01-05,Clothing,194.91,4,779.65,8.7,68.11,711.54,Regular,South,Retail Store,3.4,False,1,Q1,Thursday,False
TXN_000193,2022-10-15,Home & Garden,99.4,2,198.81,11.0,21.84,176.97,Regular,South,Online,2.7,False,10,Q4,Saturday,True
TXN_000194,2023-02-18,Home & Garden,65.65,3,196.96,4.8,9.36,187.6,Budget,East,Retail Store,1.6,False,2,Q1,Saturday,True
TXN_000195,2022-08-21,Toys,45.31,5,226.57,6.7,15.26,211.31,Regular,West,Online,4.4,True,8,Q3,Sunday,True
TXN_000196,2023-04-11,Clothing,131.56,7,920.93,8.6,78.83,842.1,Premium,East,Online,3.4,False,4,Q2,Tuesday,False
TXN_000197,2023-02-25,Sports,244.05,3,732.16,21.9,160.55,571.61,Regular,East,Online,3.8,False,2,Q1,Saturday,True
TXN_000198,2022-05-16,Clothing,141.0,4,564.01,11.9,67.38,496.62,Regular,Central,Mobile App,2.8,True,5,Q2,Monday,False
TXN_000199,2023-05-06,Electronics,799.54,2,1599.07,0.1,2.09,1596.98,Budget,South,Online,3.6,False,5,Q2,Saturday,True
TXN_000200,2023-07-20,Home & Garden,313.85,2,627.69,3.7,23.36,604.33,Budget,West,Online,4.6,True,7,Q3,Thursday,False
TXN_000201,2022-07-30,Sports,106.6,3,319.81,21.6,69.0,250.8,Regular,West,Mobile App,3.1,True,7,Q3,Saturday,True
TXN_000202,2023-02-09,Clothing,221.75,4,887.0,7.2,63.99,823.01,Premium,North,Retail Store,3.9,False,2,Q1,Thursday,False
TXN_000203,2023-12-29,Sports,120.5,3,361.51,16.2,58.55,302.96,Budget,South,Retail Store,3.0,True,12,Q4,Friday,False
TXN_000204,2023-10-26,Sports,204.79,2,409.58,2.2,9.06,400.52,Budget,East,Retail Store,3.5,False,10,Q4,Thursday,False
TXN_000205,2022-07-02,Electronics,336.99,4,1347.98,9.6,128.91,1219.06,Premium,East,Retail Store,3.5,False,7,Q3,Saturday,True
TXN_000206,2022-02-16,Books,41.49,7,290.42,10.1,29.26,261.16,Budget,North,Mobile App,2.8,False,2,Q1,Wednesday,False
TXN_000207,2022-05-18,Clothing,90.09,3,270.28,6.9,18.72,251.56,Premium,Central,Retail Store,3.5,False,5,Q2,Wednesday,False
TXN_000208,2022-03-15,Sports,381.34,2,762.67,24.5,186.9,575.78,Premium,South,Mobile App,3.2,True,3,Q1,Tuesday,False
TXN_000209,2022-07-01,Beauty,127.89,4,511.57,3.9,20.08,491.48,Regular,West,Retail Store,3.4,True,7,Q3,Friday,False
TXN_000210,2022-08-08,Beauty,61.17,6,367.0,6.6,24.35,342.65,Regular,North,Mobile App,3.3,False,8,Q3,Monday,False
TXN_000211,2023-11-27,Books,14.39,2,28.77,18.7,5.38,23.39,Regular,Central,Retail Store,2.1,False,11,Q4,Monday,False
TXN_000212,2022-05-28,Toys,193.74,1,193.74,14.7,28.47,165.28,Premium,North,Retail Store,3.2,True,5,Q2,Saturday,True
TXN_000213,2023-08-22,Clothing,58.83,1,58.83,22.1,13.0,45.83,Regular,North,Mobile App,2.8,False,8,Q3,Tuesday,False
TXN_000214,2023-10-26,Sports,56.64,4,226.57,1.2,2.78,223.79,Budget,North,Retail Store,3.1,False,10,Q4,Thursday,False
TXN_000215,2023-07-31,Clothing,53.13,2,106.27,9.8,10.38,95.89,Regular,North,Retail Store,1.6,False,7,Q3,Monday,False
TXN_000216,2022-12-10,Toys,81.75,4,327.0,26.7,87.21,239.79,Regular,East,Online,2.7,True,12,Q4,Saturday,True
TXN_000217,2023-06-16,Clothing,54.47,6,326.79,14.2,46.4,280.39,Budget,Central,Retail Store,2.8,False,6,Q2,Friday,False
TXN_000218,2022-01-26,Electronics,130.32,1,130.32,7.5,9.73,120.59,Premium,West,Retail Store,3.4,True,1,Q1,Wednesday,False
TXN_000219,2023-03-12,Toys,183.22,2,366.44,19.8,72.63,293.8,Premium,East,Online,2.5,False,3,Q1,Sunday,True
TXN_000220,2023-08-20,Toys,75.97,7,531.8,8.4,44.5,487.3,Budget,South,Retail Store,3.4,True,8,Q3,Sunday,True
TXN_000221,2023-01-22,Sports,439.56,2,879.13,11.0,96.78,782.35,Premium,West,Online,3.4,False,1,Q1,Sunday,True
TXN_000222,2023-06-28,Electronics,1455.32,2,2910.65,14.8,429.66,2480.99,Regular,North,Retail Store,4.0,True,6,Q2,Wednesday,False
TXN_000223,2022-09-26,Clothing,68.85,6,413.12,5.7,23.49,389.63,Budget,East,Retail Store,2.8,False,9,Q3,Monday,False
TXN_000224,2023-04-21,Sports,111.76,2,223.52,29.7,66.39,157.13,Regular,East,Mobile App,3.9,False,4,Q2,Friday,False
TXN_000225,2022-12-30,Home & Garden,174.18,4,696.72,13.7,95.42,601.3,Regular,East,Mobile App,2.2,False,12,Q4,Friday,False
TXN_000226,2023-11-06,Home & Garden,455.05,3,1365.14,17.3,236.24,1128.9,Regular,South,Retail Store,3.8,False,11,Q4,Monday,False
TXN_000227,2023-09-12,Books,69.06,3,207.18,0.1,0.12,207.07,Regular,West,Retail Store,3.2,False,9,Q3,Tuesday,False
TXN_000228,2023-03-30,Electronics,817.13,1,817.13,7.7,62.84,754.3,Budget,East,Retail Store,2.9,False,3,Q1,Thursday,False
TXN_000229,2022-07-10,Sports,59.19,5,295.96,24.7,73.14,222.83,Regular,West,Mobile App,3.8,False,7,Q3,Sunday,True
TXN_000230,2022-07-29,Books,95.66,3,286.98,6.9,19.82,267.17,Premium,South,Retail Store,4.4,False,7,Q3,Friday,False
TXN_000231,2023-12-03,Books,56.53,7,395.73,27.9,110.22,285.51,Premium,North,Retail Store,4.3,True,12,Q4,Sunday,True
TXN_000232,2022-10-11,Home & Garden,339.73,2,679.47,21.8,148.25,531.22,Budget,North,Online,2.8,True,10,Q4,Tuesday,False
TXN_000233,2023-03-13,Sports,44.23,1,44.23,4.5,1.97,42.26,Regular,North,Retail Store,4.1,True,3,Q1,Monday,False
TXN_000234,2022-08-10,Electronics,111.77,4,447.09,13.4,59.84,387.25,Budget,Central,Retail Store,1.9,True,8,Q3,Wednesday,False
TXN_000235,2023-11-26,Sports,421.66,4,1686.63,13.2,222.42,1464.21,Premium,South,Retail Store,3.2,False,11,Q4,Sunday,True
TXN_000236,2022-07-20,Sports,50.88,3,152.64,17.4,26.5,126.14,Budget,North,Online,3.8,True,7,Q3,Wednesday,False
TXN_000237,2023-03-14,Home & Garden,245.61,3,736.82,16.0,117.82,619.0,Regular,South,Online,4.8,True,3,Q1,Tuesday,False
TXN_000238,2022-12-14,Home & Garden,136.24,4,544.95,32.5,176.85,368.1,Regular,West,Mobile App,3.3,False,12,Q4,Wednesday,False
TXN_000239,2022-03-28,Beauty,34.42,1,34.42,16.3,5.6,28.82,Premium,South,Mobile App,3.9,False,3,Q1,Monday,False
TXN_000240,2023-02-28,Beauty,127.99,1,127.99,0.1,0.11,127.89,Regular,North,Retail Store,2.2,True,2,Q1,Tuesday,False
TXN_000241,2022-07-09,Books,69.07,1,69.07,0.7,0.46,68.61,Regular,Central,Retail Store,3.1,True,7,Q3,Saturday,True
TXN_000242,2022-12-10,Sports,152.29,1,152.29,22.3,34.01,118.28,Premium,North,Online,2.9,False,12,Q4,Saturday,True
TXN_000243,2022-05-07,Beauty,39.4,4,157.59,12.4,19.47,138.12,Budget,Central,Retail Store,1.9,False,5,Q2,Saturday,True
TXN_000244,2022-09-07,Sports,39.89,3,119.67,10.3,12.32,107.34,Premium,North,Retail Store,4.7,True,9,Q3,Wednesday,False
TXN_000245,2023-11-04,Toys,149.16,1,149.16,32.9,49.03,100.13,Premium,West,Mobile App,2.7,False,11,Q4,Saturday,True
TXN_000246,2022-07-21,Clothing,339.93,1,339.93,13.1,44.55,295.38,Premium,North,Retail Store,3.5,False,7,Q3,Thursday,False
TXN_000247,2023-10-29,Sports,261.25,2,522.5,12.2,63.48,459.02,Budget,South,Online,2.0,False,10,Q4,Sunday,True
TXN_000248,2022-12-23,Sports,263.17,3,789.52,23.2,183.2,606.33,Regular,North,Online,3.2,False,12,Q4,Friday,False
TXN_000249,2023-03-05,Toys,63.08,6,378.51,19.0,71.85,306.65,Budget,South,Online,5.0,True,3,Q1,Sunday,True
TXN_000250,2022-03-16,Clothing,129.61,2,259.21,10.8,27.9,231.31,Budget,South,Online,2.1,True,3,Q1,Wednesday,False
TXN_000251,2023-07-22,Electronics,652.01,2,1304.03,1.1,14.03,1290.0,Regular,South,Retail Store,2.6,False,7,Q3,Saturday,True
TXN_000252,2023-07-30,Sports,317.1,4,1268.41,1.6,20.03,1248.38,Regular,West,Retail Store,4.7,True,7,Q3,Sunday,True
TXN_000253,2023-03-10,Sports,91.63,3,274.9,0.6,1.6,273.29,Regular,Central,Online,2.6,False,3,Q1,Friday,False
TXN_000254,2022-09-02,Beauty,69.27,2,138.55,6.7,9.23,129.32,Premium,Central,Retail Store,3.7,False,9,Q3,Friday,False
TXN_000255,2022-07-20,Electronics,143.22,3,429.66,9.2,39.57,390.1,Budget,Central,Mobile App,5.0,True,7,Q3,Wednesday,False
TXN_000256,2022-12-09,Books,34.93,2,69.87,24.5,17.09,52.78,Regular,East,Online,2.1,True,12,Q4,Friday,False
TXN_000257,2022-05-19,Toys,86.28,1,86.28,6.0,5.2,81.08,Regular,Central,Retail Store,3.3,False,5,Q2,Thursday,False
TXN_000258,2022-04-14,Beauty,120.33,2,240.67,21.3,51.3,189.37,Regular,Central,Online,5.0,False,4,Q2,Thursday,False
TXN_000259,2023-10-21,Toys,144.96,1,144.96,10.2,14.8,130.16,Regular,Central,Retail Store,3.0,False,10,Q4,Saturday,True
TXN_000260,2023-06-08,Beauty,42.53,3,127.58,13.0,16.53,111.06,Regular,West,Retail Store,3.6,False,6,Q2,Thursday,False
TXN_000261,2022-08-16,Beauty,79.94,2,159.88,27.4,43.74,116.13,Budget,East,Mobile App,4.3,True,8,Q3,Tuesday,False
TXN_000262,2023-08-27,Books,52.15,7,365.04,14.9,54.54,310.49,Regular,Central,Retail Store,2.8,True,8,Q3,Sunday,True
TXN_000263,2022-12-03,Electronics,1639.98,2,3279.96,28.5,936.0,2343.96,Premium,East,Online,4.9,False,12,Q4,Saturday,True
TXN_000264,2022-11-16,Beauty,91.76,4,367.05,36.8,134.96,232.08,Budget,North,Mobile App,3.8,False,11,Q4,Wednesday,False
TXN_000265,2023-05-03,Toys,8.78,3,26.33,22.1,5.82,20.51,Budget,North,Online,3.6,False,5,Q2,Wednesday,False
TXN_000266,2023-12-04,Toys,78.27,6,469.61,9.5,44.51,425.1,Regular,West,Retail Store,3.9,True,12,Q4,Monday,False
TXN_000267,2022-07-07,Sports,671.76,2,1343.52,17.7,237.5,1106.02,Premium,South,Online,5.0,True,7,Q3,Thursday,False
TXN_000268,2023-03-26,Clothing,172.65,3,517.94,20.1,104.04,413.9,Regular,South,Online,3.5,False,3,Q1,Sunday,True
TXN_000269,2023-07-21,Books,11.54,7,80.79,11.4,9.21,71.59,Regular,North,Retail Store,3.2,True,7,Q3,Friday,False
TXN_000270,2022-07-02,Toys,131.37,2,262.74,7.9,20.74,242.0,Regular,West,Retail Store,2.4,False,7,Q3,Saturday,True
TXN_000271,2022-02-22,Toys,152.87,7,1070.09,4.1,43.59,1026.5,Premium,South,Retail Store,4.4,True,2,Q1,Tuesday,False
TXN_000272,2023-03-17,Toys,49.8,5,249.01,21.0,52.25,196.76,Premium,North,Online,4.6,True,3,Q1,Friday,False
TXN_000273,2022-11-21,Home & Garden,319.64,1,319.64,33.6,107.53,212.11,Budget,East,Online,3.0,False,11,Q4,Monday,False
TXN_000274,2022-06-26,Beauty,84.8,4,339.22,7.4,25.13,314.09,Regular,North,Retail Store,4.2,True,6,Q2,Sunday,True
TXN_000275,2023-12-30,Toys,10.61,7,74.28,10.5,7.82,66.46,Regular,East,Retail Store,3.6,False,12,Q4,Saturday,True
TXN_000276,2023-10-14,Sports,38.26,5,191.32,16.9,32.33,158.98,Regular,West,Mobile App,3.7,True,10,Q4,Saturday,True
TXN_000277,2022-08-15,Home & Garden,19.12,7,133.81,13.0,17.46,116.35,Budget,Central,Retail Store,2.5,False,8,Q3,Monday,False
TXN_000278,2022-04-10,Sports,247.19,1,247.19,4.7,11.7,235.49,Regular,West,Retail Store,4.8,True,4,Q2,Sunday,True
TXN_000279,2022-05-29,Home & Garden,363.77,2,727.55,2.8,20.28,707.26,Regular,Central,Online,3.3,False,5,Q2,Sunday,True
TXN_000280,2022-02-13,Toys,126.97,2,253.93,3.1,7.9,246.04,Regular,South,Online,3.4,False,2,Q1,Sunday,True
TXN_000281,2023-01-22,Toys,56.23,4,224.94,10.2,22.86,202.08,Regular,Central,Retail Store,3.5,False,1,Q1,Sunday,True
TXN_000282,2022-06-05,Toys,26.0,4,104.0,9.6,9.95,94.05,Budget,Central,Online,3.6,False,6,Q2,Sunday,True
TXN_000283,2023-02-25,Beauty,95.57,5,477.84,14.2,67.86,409.98,Regular,South,Online,4.3,True,2,Q1,Saturday,True
TXN_000284,2023-10-09,Home & Garden,427.35,1,427.35,4.4,18.66,408.69,Regular,North,Retail Store,5.0,True,10,Q4,Monday,False
TXN_000285,2022-02-28,Home & Garden,452.24,1,452.24,10.1,45.56,406.68,Regular,South,Retail Store,3.1,False,2,Q1,Monday,False
TXN_000286,2022-04-14,Electronics,354.74,4,1418.98,10.1,143.66,1275.31,Budget,West,Mobile App,3.4,False,4,Q2,Thursday,False
TXN_000287,2022-07-18,Clothing,167.63,1,167.63,9.1,15.25,152.38,Budget,East,Mobile App,3.9,False,7,Q3,Monday,False
TXN_000288,2022-02-18,Toys,105.45,4,421.79,10.4,43.66,378.13,Budget,North,Retail Store,3.2,False,2,Q1,Friday,False
TXN_000289,2023-08-19,Home & Garden,238.47,4,953.89,29.1,277.18,676.71,Premium,East,Mobile App,4.6,True,8,Q3,Saturday,True
TXN_000290,2023-07-28,Beauty,155.76,2,311.52,8.4,26.21,285.31,Regular,Central,Retail Store,3.4,False,7,Q3,Friday,False
TXN_000291,2023-06-04,Home & Garden,403.71,4,1614.84,1.6,26.38,1588.46,Budget,Central,Retail Store,4.7,True,6,Q2,Sunday,True
TXN_000292,2022-09-09,Books,78.68,1,78.68,8.9,7.01,71.67,Regular,Central,Retail Store,2.6,True,9,Q3,Friday,False
TXN_000293,2022-06-03,Beauty,35.45,3,106.34,23.9,25.45,80.89,Budget,North,Mobile App,3.5,True,6,Q2,Friday,False
TXN_000294,2022-01-08,Beauty,147.89,3,443.67,2.4,10.83,432.85,Regular,East,Retail Store,3.5,False,1,Q1,Saturday,True
TXN_000295,2022-04-03,Beauty,178.99,1,178.99,8.0,14.39,164.6,Premium,West,Online,3.0,False,4,Q2,Sunday,True
TXN_000296,2023-04-01,Books,41.33,3,124.0,22.5,27.94,96.06,Premium,Central,Online,4.5,True,4,Q2,Saturday,True
TXN_000297,2022-09-04,Books,127.29,1,127.29,4.1,5.26,122.03,Premium,North,Retail Store,3.9,False,9,Q3,Sunday,True
TXN_000298,2023-11-16,Home & Garden,208.5,1,208.5,41.3,86.17,122.33,Regular,West,Mobile App,3.2,False,11,Q4,Thursday,False
TXN_000299,2022-09-23,Books,25.46,1,25.46,23.8,6.05,19.41,Regular,North,Online,3.2,False,9,Q3,Friday,False
TXN_000300,2023-10-13,Books,27.34,4,109.35,13.6,14.82,94.53,Budget,West,Retail Store,3.7,False,10,Q4,Friday,False
TXN_000301,2023-10-07,Sports,249.88,3,749.64,8.3,62.14,687.5,Regular,South,Online,2.7,False,10,Q4,Saturday,True
TXN_000302,2023-05-09,Electronics,514.75,2,1029.5,20.7,212.78,816.72,Budget,East,Online,3.7,True,5,Q2,Tuesday,False
TXN_000303,2022-06-13,Clothing,189.35,4,757.42,4.4,32.95,724.47,Regular,East,Retail Store,3.0,False,6,Q2,Monday,False
TXN_000304,2022-09-11,Sports,250.6,1,250.6,0.8,2.05,248.55,Regular,West,Retail Store,3.7,False,9,Q3,Sunday,True
TXN_000305,2023-01-26,Toys,52.59,5,262.94,18.3,48.1,214.84,Regular,East,Online,3.0,False,1,Q1,Thursday,False
TXN_000306,2022-06-18,Sports,435.2,2,870.4,12.3,106.64,763.76,Regular,Central,Retail Store,2.9,True,6,Q2,Saturday,True
TXN_000307,2023-01-17,Books,66.08,4,264.3,6.2,16.43,247.87,Budget,Central,Retail Store,2.9,False,1,Q1,Tuesday,False
TXN_000308,2022-02-01,Books,28.83,6,172.99,7.2,12.5,160.48,Regular,East,Retail Store,2.7,False,2,Q1,Tuesday,False
TXN_000309,2023-07-14,Home & Garden,205.17,3,615.51,2.7,16.64,598.87,Budget,North,Retail Store,2.4,True,7,Q3,Friday,False
TXN_000310,2022-07-17,Electronics,222.49,2,444.99,1.3,5.77,439.21,Budget,North,Online,3.3,True,7,Q3,Sunday,True
TXN_000311,2023-08-05,Beauty,111.87,1,111.87,4.7,5.24,106.64,Budget,West,Retail Store,4.5,True,8,Q3,Saturday,True
TXN_000312,2022-04-10,Home & Garden,132.29,3,396.86,12.6,50.2,346.66,Budget,South,Retail Store,1.5,True,4,Q2,Sunday,True
TXN_000313,2023-12-29,Books,45.08,6,270.46,13.4,36.29,234.16,Regular,North,Retail Store,2.1,False,12,Q4,Friday,False
TXN_000314,2023-04-28,Books,31.82,3,95.45,4.7,4.53,90.92,Budget,West,Retail Store,2.7,False,4,Q2,Friday,False
TXN_000315,2022-11-09,Sports,44.98,6,269.9,17.8,48.09,221.82,Regular,East,Mobile App,3.5,True,11,Q4,Wednesday,False
TXN_000316,2022-01-12,Beauty,87.28,5,436.38,15.8,68.79,367.59,Regular,North,Mobile App,3.6,False,1,Q1,Wednesday,False
TXN_000317,2022-03-10,Beauty,60.72,1,60.72,5.6,3.41,57.31,Regular,North,Retail Store,3.2,False,3,Q1,Thursday,False
TXN_000318,2022-05-21,Home & Garden,573.92,3,1721.76,6.9,119.6,1602.16,Premium,Central,Online,4.1,True,5,Q2,Saturday,True
TXN_000319,2023-12-15,Electronics,2942.58,2,5885.16,26.8,1579.64,4305.51,Regular,South,Online,4.9,True,12,Q4,Friday,False
TXN_000320,2022-07-23,Toys,47.0,2,94.0,7.2,6.76,87.24,Regular,East,Online,3.0,False,7,Q3,Saturday,True
TXN_000321,2022-01-22,Clothing,265.43,3,796.29,15.6,124.15,672.14,Premium,West,Online,4.4,True,1,Q1,Saturday,True
TXN_000322,2023-02-18,Sports,28.47,3,85.42,10.6,9.05,76.36,Regular,East,Retail Store,2.8,False,2,Q1,Saturday,True
TXN_000323,2023-03-19,Home & Garden,126.88,2,253.76,14.1,35.74,218.01,Budget,South,Retail Store,2.2,True,3,Q1,Sunday,True
TXN_000324,2022-09-05,Beauty,130.66,2,261.33,5.8,15.12,246.21,Regular,West,Retail Store,3.9,False,9,Q3,Monday,False
TXN_000325,2022-05-17,Home & Garden,471.33,2,942.67,10.0,94.03,848.64,Regular,Central,Retail Store,3.0,False,5,Q2,Tuesday,False
TXN_000326,2022-02-23,Clothing,61.9,3,185.69,10.9,20.15,165.54,Premium,West,Retail Store,4.6,True,2,Q1,Wednesday,False
TXN_000327,2022-09-05,Home & Garden,316.31,1,316.31,0.2,0.65,315.66,Regular,South,Retail Store,4.0,True,9,Q3,Monday,False
TXN_000328,2023-01-01,Sports,69.1,2,138.2,14.9,20.63,117.57,Premium,East,Online,4.5,True,1,Q1,Sunday,True
TXN_000329,2023-08-29,Toys,127.39,2,254.78,20.4,52.02,202.75,Regular,West,Mobile App,2.4,False,8,Q3,Tuesday,False
TXN_000330,2023-08-26,Beauty,68.93,6,413.56,20.0,82.68,330.88,Regular,North,Online,3.7,False,8,Q3,Saturday,True
TXN_000331,2023-11-25,Sports,160.07,4,640.28,22.6,144.43,495.85,Budget,South,Online,2.7,False,11,Q4,Saturday,True
TXN_000332,2022-04-02,Clothing,254.33,2,508.66,12.6,63.92,444.74,Budget,Central,Online,4.8,True,4,Q2,Saturday,True
TXN_000333,2022-03-29,Home & Garden,90.19,1,90.19,14.1,12.75,77.44,Budget,South,Retail Store,4.4,False,3,Q1,Tuesday,False
TXN_000334,2023-09-13,Toys,63.8,3,191.41,12.9,24.64,166.77,Budget,West,Online,3.3,False,9,Q3,Wednesday,False
TXN_000335,2022-10-04,Sports,109.21,4,436.85,23.5,102.78,334.07,Budget,Central,Online,3.3,False,10,Q4,Tuesday,False
TXN_000336,2022-08-01,Sports,172.95,3,518.85,21.9,113.75,405.1,Budget,North,Mobile App,1.4,False,8,Q3,Monday,False
TXN_000337,2023-04-16,Books,39.02,7,273.11,5.8,15.76,257.35,Regular,Central,Retail Store,4.8,True,4,Q2,Sunday,True
TXN_000338,2022-02-14,Electronics,1102.36,1,1102.36,13.5,149.2,953.16,Budget,South,Online,2.9,False,2,Q1,Monday,False
TXN_000339,2023-09-30,Books,61.27,3,183.81,3.2,5.84,177.96,Regular,South,Retail Store,2.7,False,9,Q3,Saturday,True
TXN_000340,2023-11-10,Toys,44.12,7,308.85,23.9,73.94,234.91,Regular,West,Retail Store,3.7,False,11,Q4,Friday,False
TXN_000341,2023-04-26,Books,38.03,7,266.22,8.0,21.26,244.96,Budget,South,Retail Store,3.5,True,4,Q2,Wednesday,False
TXN_000342,2023-03-09,Sports,58.69,5,293.46,1.7,5.03,288.43,Regular,South,Retail Store,4.2,False,3,Q1,Thursday,False
TXN_000343,2023-03-27,Toys,118.22,3,354.65,6.1,21.71,332.94,Regular,North,Retail Store,3.8,False,3,Q1,Monday,False
TXN_000344,2023-02-20,Clothing,58.85,1,58.85,13.1,7.72,51.14,Budget,North,Retail Store,3.9,True,2,Q1,Monday,False
TXN_000345,2022-12-30,Books,29.99,7,209.9,14.4,30.29,179.61,Regular,East,Mobile App,3.2,False,12,Q4,Friday,False
TXN_000346,2023-10-20,Books,51.21,2,102.42,18.6,19.03,83.39,Premium,West,Online,2.0,False,10,Q4,Friday,False
TXN_000347,2022-04-26,Electronics,1767.9,2,3535.79,6.8,238.67,3297.12,Regular,Central,Mobile App,3.6,False,4,Q2,Tuesday,False
TXN_000348,2022-02-09,Books,59.46,4,237.86,8.7,20.81,217.05,Regular,West,Online,3.0,False,2,Q1,Wednesday,False
TXN_000349,2023-02-18,Books,68.2,1,68.2,13.7,9.34,58.85,Regular,West,Online,2.2,False,2,Q1,Saturday,True
TXN_000350,2023-04-25,Clothing,302.09,3,906.28,2.5,23.09,883.19,Regular,West,Retail Store,5.0,True,4,Q2,Tuesday,False
TXN_000351,2022-08-08,Beauty,153.75,1,153.75,8.1,12.49,141.25,Regular,East,Retail Store,3.9,False,8,Q3,Monday,False
TXN_000352,2023-11-13,Sports,236.05,2,472.11,28.6,135.07,337.04,Regular,East,Online,4.0,False,11,Q4,Monday,False
TXN_000353,2023-10-12,Home & Garden,613.48,4,2453.93,6.5,158.68,2295.25,Premium,West,Retail Store,4.7,True,10,Q4,Thursday,False
TXN_000354,2023-05-20,Toys,99.15,3,297.44,12.4,36.85,260.59,Regular,North,Retail Store,3.5,False,5,Q2,Saturday,True
TXN_000355,2023-09-14,Sports,217.79,3,653.38,9.7,63.33,590.05,Regular,Central,Mobile App,4.3,True,9,Q3,Thursday,False
TXN_000356,2022-12-06,Home & Garden,96.54,1,96.54,21.7,20.91,75.63,Regular,Central,Mobile App,4.1,True,12,Q4,Tuesday,False
TXN_000357,2023-11-21,Beauty,65.83,6,394.96,24.3,96.16,298.79,Budget,Central,Retail Store,2.7,False,11,Q4,Tuesday,False
TXN_000358,2023-07-04,Books,67.17,3,201.5,29.9,60.33,141.17,Budget,Central,Mobile App,3.4,True,7,Q3,Tuesday,False
TXN_000359,2023-10-17,Sports,167.34,3,502.03,2.0,9.99,492.04,Premium,East,Retail Store,3.2,False,10,Q4,Tuesday,False
TXN_000360,2023-03-18,Books,58.74,5,293.7,16.0,46.87,246.83,Budget,North,Online,4.1,False,3,Q1,Saturday,True
TXN_000361,2023-03-26,Clothing,76.39,1,76.39,20.5,15.63,60.76,Regular,East,Mobile App,2.3,False,3,Q1,Sunday,True
TXN_000362,2023-07-17,Sports,406.25,2,812.51,14.2,115.69,696.82,Budget,North,Retail Store,2.3,False,7,Q3,Monday,False
TXN_000363,2022-06-04,Toys,85.12,4,340.47,1.7,5.94,334.53,Budget,Central,Online,3.3,False,6,Q2,Saturday,True
TXN_000364,2022-03-05,Toys,93.9,7,657.32,12.6,82.56,574.75,Regular,South,Retail Store,3.5,True,3,Q1,Saturday,True
TXN_000365,2023-02-08,Clothing,280.47,3,841.42,15.0,126.61,714.81,Premium,West,Mobile App,3.4,True,2,Q1,Wednesday,False
TXN_000366,2023-03-14,Clothing,295.57,4,1182.26,10.6,125.12,1057.14,Regular,West,Online,5.0,True,3,Q1,Tuesday,False
TXN_000367,2023-10-02,Home & Garden,443.46,4,1773.85,7.2,127.06,1646.79,Regular,East,Online,4.2,False,10,Q4,Monday,False
TXN_000368,2022-06-28,Home & Garden,127.71,1,127.71,12.7,16.23,111.48,Regular,North,Retail Store,2.9,True,6,Q2,Tuesday,False
TXN_000369,2022-10-03,Home & Garden,56.83,7,397.83,10.3,40.86,356.97,Regular,North,Mobile App,3.0,True,10,Q4,Monday,False
TXN_000370,2022-10-03,Clothing,181.07,2,362.13,24.0,86.85,275.28,Premium,West,Mobile App,3.9,False,10,Q4,Monday,False
TXN_000371,2022-10-23,Home & Garden,157.23,4,628.9,8.9,55.87,573.03,Regular,Central,Online,3.2,False,10,Q4,Sunday,True
TXN_000372,2022-02-05,Sports,104.51,4,418.05,22.7,94.76,323.29,Premium,South,Mobile App,3.5,False,2,Q1,Saturday,True
TXN_000373,2022-07-09,Sports,289.86,2,579.72,11.0,64.02,515.7,Regular,East,Online,3.8,False,7,Q3,Saturday,True
TXN_000374,2023-05-05,Electronics,1300.15,1,1300.15,8.7,112.81,1187.34,Regular,North,Online,3.6,False,5,Q2,Friday,False
TXN_000375,2023-02-03,Clothing,132.7,7,928.91,16.8,155.79,773.12,Premium,North,Mobile App,4.0,True,2,Q1,Friday,False
TXN_000376,2023-03-04,Beauty,285.69,3,857.08,7.7,66.06,791.02,Premium,West,Retail Store,3.9,False,3,Q1,Saturday,True
TXN_000377,2022-08-17,Beauty,120.03,1,120.03,12.0,14.39,105.64,Regular,West,Mobile App,3.6,True,8,Q3,Wednesday,False
TXN_000378,2022-04-30,Home & Garden,103.52,3,310.56,13.5,42.07,268.48,Regular,Central,Retail Store,3.6,False,4,Q2,Saturday,True
TXN_000379,2023-02-26,Toys,60.81,1,60.81,21.1,12.85,47.96,Budget,South,Online,3.3,False,2,Q1,Sunday,True
TXN_000380,2023-12-03,Home & Garden,344.56,1,344.56,18.9,65.03,279.53,Regular,Central,Mobile App,3.0,True,12,Q4,Sunday,True
TXN_000381,2023-10-01,Clothing,314.5,4,1258.02,2.3,29.49,1228.52,Regular,North,Online,2.0,False,10,Q4,Sunday,True
TXN_000382,2024-01-01,Sports,303.62,4,1214.48,19.7,239.84,974.64,Regular,South,Mobile App,3.2,True,1,Q1,Monday,False
TXN_000383,2022-06-05,Electronics,1277.87,1,1277.87,5.6,72.03,1205.83,Regular,South,Retail Store,4.0,False,6,Q2,Sunday,True
TXN_000384,2022-12-04,Sports,223.62,2,447.24,23.3,104.36,342.89,Regular,North,Retail Store,3.8,False,12,Q4,Sunday,True
TXN_000385,2023-04-24,Sports,38.87,4,155.49,0.4,0.58,154.91,Regular,North,Retail Store,3.3,False,4,Q2,Monday,False
TXN_000386,2022-09-22,Toys,117.68,5,588.4,9.5,55.86,532.54,Premium,East,Online,4.2,False,9,Q3,Thursday,False
TXN_000387,2023-12-03,Books,62.55,3,187.66,32.1,60.24,127.42,Regular,North,Online,4.0,True,12,Q4,Sunday,True
TXN_000388,2023-05-08,Books,46.73,1,46.73,0.8,0.35,46.38,Regular,East,Online,5.0,False,5,Q2,Monday,False
TXN_000389,2022-03-04,Books,54.6,3,163.79,15.0,24.55,139.24,Regular,East,Online,4.2,True,3,Q1,Friday,False
TXN_000390,2023-12-27,Clothing,132.98,4,531.91,24.2,128.94,402.97,Budget,North,Retail Store,2.0,False,12,Q4,Wednesday,False
TXN_000391,2022-12-21,Beauty,18.55,3,55.66,33.8,18.83,36.83,Budget,North,Mobile App,2.8,True,12,Q4,Wednesday,False
TXN_000392,2022-07-03,Home & Garden,113.52,3,340.55,0.1,0.43,340.12,Budget,South,Online,2.3,True,7,Q3,Sunday,True
TXN_000393,2022-03-14,Clothing,261.7,4,1046.78,21.6,226.36,820.43,Regular,East,Online,3.5,True,3,Q1,Monday,False
TXN_000394,2023-11-18,Clothing,181.34,2,362.67,25.3,91.93,270.74,Budget,North,Retail Store,4.4,True,11,Q4,Saturday,True
TXN_000395,2023-03-09,Home & Garden,81.95,6,491.69,14.9,73.27,418.42,Regular,West,Online,2.0,False,3,Q1,Thursday,False
TXN_000396,2022-03-11,Electronics,99.23,4,396.92,21.8,86.63,310.29,Budget,South,Online,3.1,False,3,Q1,Friday,False
TXN_000397,2022-07-11,Books,38.76,2,77.52,2.5,1.91,75.61,Regular,North,Online,4.2,True,7,Q3,Monday,False
TXN_000398,2023-07-03,Books,78.64,5,393.2,11.1,43.58,349.62,Regular,East,Retail Store,2.9,True,7,Q3,Monday,False
TXN_000399,2022-01-30,Books,39.55,4,158.2,0.8,1.26,156.94,Budget,Central,Online,4.3,False,1,Q1,Sunday,True
TXN_000400,2023-11-27,Toys,48.78,7,341.49,14.6,49.75,291.74,Premium,Central,Retail Store,3.7,False,11,Q4,Monday,False
TXN_000401,2023-02-09,Toys,104.69,2,209.37,21.0,44.02,165.36,Budget,North,Online,2.0,True,2,Q1,Thursday,False
TXN_000402,2022-08-27,Sports,340.61,1,340.61,5.1,17.39,323.22,Regular,North,Online,1.4,True,8,Q3,Saturday,True
TXN_000403,2023-12-10,Beauty,29.17,7,204.16,32.5,66.45,137.71,Regular,South,Mobile App,2.6,False,12,Q4,Sunday,True
TXN_000404,2022-09-06,Beauty,171.3,3,513.9,6.1,31.35,482.55,Regular,East,Mobile App,2.8,False,9,Q3,Tuesday,False
TXN_000405,2023-02-23,Books,26.2,3,78.61,11.4,8.95,69.66,Regular,West,Mobile App,2.3,True,2,Q1,Thursday,False
TXN_000406,2022-06-13,Sports,317.4,4,1269.6,0.4,5.55,1264.05,Regular,West,Retail Store,4.8,False,6,Q2,Monday,False
TXN_000407,2023-01-23,Sports,56.05,5,280.24,1.3,3.52,276.72,Budget,East,Online,3.9,False,1,Q1,Monday,False
TXN_000408,2022-04-13,Clothing,141.24,4,564.95,1.1,6.08,558.87,Regular,South,Online,3.1,False,4,Q2,Wednesday,False
TXN_000409,2023-02-27,Home & Garden,400.9,2,801.79,12.5,100.32,701.47,Premium,South,Online,4.4,True,2,Q1,Monday,False
TXN_000410,2023-02-28,Clothing,87.16,1,87.16,12.4,10.83,76.33,Budget,East,Retail Store,2.9,False,2,Q1,Tuesday,False
TXN_000411,2022-04-06,Home & Garden,126.02,1,126.02,11.6,14.68,111.34,Budget,East,Mobile App,4.3,False,4,Q2,Wednesday,False
TXN_000412,2023-05-30,Electronics,1104.19,1,1104.19,23.5,259.08,845.11,Regular,South,Online,3.3,True,5,Q2,Tuesday,False
TXN_000413,2022-03-24,Sports,89.91,7,629.38,18.9,119.16,510.23,Regular,North,Online,3.3,False,3,Q1,Thursday,False
TXN_000414,2023-05-09,Clothing,147.38,7,1031.64,1.9,19.81,1011.83,Premium,West,Online,3.0,True,5,Q2,Tuesday,False
TXN_000415,2023-08-20,Sports,713.89,1,713.89,6.0,42.72,671.16,Premium,South,Mobile App,3.7,False,8,Q3,Sunday,True
TXN_000416,2023-06-14,Books,10.02,2,20.04,1.0,0.2,19.84,Budget,East,Online,3.1,False,6,Q2,Wednesday,False
TXN_000417,2022-11-29,Home & Garden,741.68,2,1483.36,10.6,157.62,1325.74,Premium,West,Retail Store,4.5,False,11,Q4,Tuesday,False
TXN_000418,2022-03-31,Home & Garden,238.78,1,238.78,5.3,12.6,226.17,Regular,Central,Online,4.1,False,3,Q1,Thursday,False
TXN_000419,2022-06-29,Home & Garden,385.57,1,385.57,3.1,12.06,373.5,Regular,West,Retail Store,2.5,True,6,Q2,Wednesday,False
TXN_000420,2022-11-07,Home & Garden,285.02,1,285.02,8.6,24.5,260.52,Regular,West,Retail Store,3.9,False,11,Q4,Monday,False
TXN_000421,2022-01-30,Sports,196.38,2,392.77,3.1,11.99,380.78,Premium,Central,Online,3.0,True,1,Q1,Sunday,True
TXN_000422,2023-07-04,Beauty,141.86,3,425.58,1.1,4.82,420.76,Budget,West,Online,2.3,False,7,Q3,Tuesday,False
TXN_000423,2023-08-10,Sports,84.49,4,337.95,2.9,9.91,328.04,Regular,South,Online,3.7,True,8,Q3,Thursday,False
TXN_000424,2022-06-08,Books,50.45,5,252.23,15.9,40.0,212.23,Regular,Central,Mobile App,1.1,False,6,Q2,Wednesday,False
TXN_000425,2022-07-13,Home & Garden,225.25,4,900.99,1.5,13.45,887.54,Budget,Central,Retail Store,2.9,False,7,Q3,Wednesday,False
TXN_000426,2022-11-02,Home & Garden,44.07,1,44.07,24.6,10.85,33.21,Regular,North,Retail Store,3.2,False,11,Q4,Wednesday,False
TXN_000427,2022-04-18,Books,18.82,2,37.63,0.5,0.17,37.46,Regular,Central,Online,2.7,False,4,Q2,Monday,False
TXN_000428,2022-10-25,Electronics,1142.45,1,1142.45,3.2,36.39,1106.07,Regular,Central,Retail Store,3.4,True,10,Q4,Tuesday,False
TXN_000429,2022-12-29,Books,95.55,2,191.11,9.6,18.4,172.71,Premium,West,Online,3.7,True,12,Q4,Thursday,False
TXN_000430,2022-03-01,Clothing,135.5,4,542.02,14.5,78.48,463.54,Budget,South,Retail Store,3.2,True,3,Q1,Tuesday,False
TXN_000431,2023-06-08,Sports,483.17,1,483.17,6.1,29.47,453.7,Premium,Central,Retail Store,4.7,True,6,Q2,Thursday,False
TXN_000432,2022-02-05,Sports,99.56,2,199.13,20.9,41.69,157.43,Budget,North,Online,3.0,False,2,Q1,Saturday,True
TXN_000433,2022-10-21,Books,27.75,5,138.77,16.1,22.29,116.49,Regular,East,Mobile App,2.9,True,10,Q4,Friday,False
TXN_000434,2023-01-31,Electronics,1546.45,2,3092.89,16.5,510.84,2582.05,Premium,West,Mobile App,3.9,False,1,Q1,Tuesday,False
TXN_000435,2022-04-19,Books,38.14,3,114.43,6.4,7.28,107.15,Regular,East,Online,2.8,True,4,Q2,Tuesday,False
TXN_000436,2022-09-08,Home & Garden,293.73,1,293.73,16.7,48.93,244.8,Regular,North,Online,4.8,False,9,Q3,Thursday,False
TXN_000437,2024-01-01,Electronics,729.27,1,729.27,7.2,52.44,676.83,Regular,East,Mobile App,3.6,True,1,Q1,Monday,False
TXN_000438,2023-06-16,Beauty,100.81,3,302.42,10.1,30.51,271.91,Regular,North,Retail Store,3.8,False,6,Q2,Friday,False
TXN_000439,2022-01-29,Books,54.96,4,219.85,6.4,14.05,205.81,Premium,West,Retail Store,4.6,False,1,Q1,Saturday,True
TXN_000440,2023-11-16,Books,15.97,4,63.87,18.1,11.54,52.32,Budget,Central,Mobile App,2.7,False,11,Q4,Thursday,False
TXN_000441,2023-09-19,Clothing,134.5,1,134.5,0.7,0.97,133.53,Regular,West,Retail Store,2.9,True,9,Q3,Tuesday,False
TXN_000442,2023-06-07,Beauty,111.79,3,335.38,15.3,51.45,283.93,Regular,West,Online,3.5,False,6,Q2,Wednesday,False
TXN_000443,2022-08-20,Books,19.5,7,136.49,28.5,38.95,97.53,Regular,East,Mobile App,2.9,False,8,Q3,Saturday,True
TXN_000444,2023-08-23,Electronics,1228.46,1,1228.46,18.9,232.26,996.21,Budget,West,Online,4.3,True,8,Q3,Wednesday,False
TXN_000445,2023-06-07,Home & Garden,326.14,3,978.41,13.5,131.92,846.5,Budget,East,Mobile App,2.9,False,6,Q2,Wednesday,False
TXN_000446,2022-11-30,Books,71.12,1,71.12,15.6,11.07,60.05,Premium,West,Retail Store,3.9,False,11,Q4,Wednesday,False
TXN_000447,2023-09-10,Books,56.18,6,337.07,8.8,29.61,307.46,Regular,North,Mobile App,3.8,False,9,Q3,Sunday,True
TXN_000448,2023-01-26,Sports,56.92,3,170.75,16.9,28.84,141.91,Regular,North,Online,3.6,True,1,Q1,Thursday,False
TXN_000449,2023-10-06,Books,58.87,4,235.5,25.1,59.05,176.44,Regular,South,Mobile App,2.0,False,10,Q4,Friday,False
TXN_000450,2023-09-27,Books,64.65,6,387.92,3.8,14.69,373.24,Premium,Central,Online,4.7,True,9,Q3,Wednesday,False
TXN_000451,2022-09-17,Sports,37.14,6,222.84,22.9,51.02,171.82,Budget,West,Online,4.0,True,9,Q3,Saturday,True
TXN_000452,2022-03-31,Sports,141.07,5,705.37,18.1,127.33,578.04,Premium,South,Online,3.5,True,3,Q1,Thursday,False
TXN_000453,2023-08-21,Books,27.83,7,194.8,6.6,12.85,181.95,Budget,South,Retail Store,2.7,False,8,Q3,Monday,False
TXN_000454,2022-06-21,Beauty,27.54,7,192.75,25.9,49.89,142.86,Budget,Central,Mobile App,2.9,True,6,Q2,Tuesday,False
TXN_000455,2023-06-07,Home & Garden,119.72,4,478.88,0.4,1.74,477.14,Regular,Central,Online,1.6,True,6,Q2,Wednesday,False
TXN_000456,2023-11-10,Home & Garden,222.18,3,666.55,33.7,224.89,441.67,Regular,North,Online,2.5,False,11,Q4,Friday,False
TXN_000457,2022-02-22,Books,25.87,7,181.12,6.1,11.06,170.06,Regular,Central,Online,3.8,False,2,Q1,Tuesday,False
TXN_000458,2023-01-31,Toys,129.67,1,129.67,12.6,16.39,113.28,Regular,South,Online,3.0,True,1,Q1,Tuesday,False
TXN_000459,2023-07-11,Toys,63.59,3,190.76,8.3,15.76,175.0,Budget,Central,Online,1.1,False,7,Q3,Tuesday,False
TXN_000460,2023-12-13,Electronics,252.33,4,1009.33,13.4,135.1,874.23,Budget,North,Online,4.5,False,12,Q4,Wednesday,False
TXN_000461,2022-01-25,Clothing,223.88,3,671.65,6.2,41.68,629.97,Regular,South,Retail Store,4.6,True,1,Q1,Tuesday,False
TXN_000462,2023-04-26,Home & Garden,194.3,2,388.59,2.4,9.42,379.17,Premium,Central,Online,3.4,True,4,Q2,Wednesday,False
TXN_000463,2023-01-02,Clothing,234.74,3,704.23,19.6,137.75,566.48,Premium,West,Online,3.5,False,1,Q1,Monday,False
TXN_000464,2022-11-05,Clothing,158.24,2,316.48,21.5,67.99,248.49,Budget,North,Retail Store,2.2,False,11,Q4,Saturday,True
TXN_000465,2022-03-17,Toys,48.17,4,192.68,10.1,19.53,173.15,Regular,East,Retail Store,3.1,False,3,Q1,Thursday,False
TXN_000466,2022-11-06,Beauty,40.02,3,120.05,17.9,21.51,98.54,Regular,West,Retail Store,5.0,True,11,Q4,Sunday,True
TXN_000467,2023-05-04,Electronics,666.93,1,666.93,5.2,35.0,631.93,Regular,East,Retail Store,4.2,True,5,Q2,Thursday,False
TXN_000468,2022-11-09,Toys,87.49,5,437.43,21.1,92.27,345.16,Regular,East,Mobile App,3.6,True,11,Q4,Wednesday,False
TXN_000469,2022-12-13,Beauty,76.15,5,380.77,9.6,36.6,344.17,Regular,Central,Retail Store,3.3,False,12,Q4,Tuesday,False
TXN_000470,2023-02-05,Home & Garden,269.01,1,269.01,4.3,11.53,257.49,Regular,North,Retail Store,5.0,False,2,Q1,Sunday,True
TXN_000471,2022-03-16,Beauty,50.96,3,152.89,7.8,11.96,140.93,Premium,East,Retail Store,2.2,False,3,Q1,Wednesday,False
TXN_000472,2022-06-02,Sports,298.16,2,596.32,15.7,93.47,502.85,Regular,North,Online,4.7,False,6,Q2,Thursday,False
TXN_000473,2022-01-25,Beauty,183.91,1,183.91,7.7,14.09,169.82,Regular,North,Online,3.0,False,1,Q1,Tuesday,False
TXN_000474,2023-10-08,Sports,98.14,4,392.56,22.9,89.79,302.77,Budget,South,Mobile App,2.6,False,10,Q4,Sunday,True
TXN_000475,2023-08-23,Home & Garden,311.85,3,935.55,8.3,77.83,857.72,Premium,North,Online,3.4,False,8,Q3,Wednesday,False
TXN_000476,2022-03-10,Toys,102.76,3,308.28,5.5,16.87,291.4,Regular,South,Mobile App,2.8,False,3,Q1,Thursday,False
TXN_000477,2022-07-08,Toys,38.3,3,114.9,22.8,26.19,88.71,Premium,North,Online,2.5,True,7,Q3,Friday,False
TXN_000478,2022-07-18,Clothing,168.43,4,673.71,12.6,84.78,588.93,Regular,Central,Mobile App,2.7,False,7,Q3,Monday,False
TXN_000479,2022-03-30,Toys,190.12,4,760.49,7.6,57.54,702.94,Premium,North,Retail Store,2.9,False,3,Q1,Wednesday,False
TXN_000480,2023-08-17,Books,55.17,5,275.83,13.1,36.09,239.73,Regular,East,Online,3.8,False,8,Q3,Thursday,False
TXN_000481,2023-01-19,Electronics,694.76,1,694.76,6.6,45.58,649.18,Regular,East,Mobile App,2.5,False,1,Q1,Thursday,False
TXN_000482,2022-08-20,Books,27.4,4,109.59,12.6,13.77,95.82,Regular,East,Mobile App,2.6,False,8,Q3,Saturday,True
TXN_000483,2022-06-04,Clothing,117.85,1,117.85,5.8,6.81,111.03,Budget,Central,Online,3.3,True,6,Q2,Saturday,True
TXN_000484,2023-04-27,Home & Garden,595.9,2,1191.81,3.5,42.12,1149.69,Premium,Central,Retail Store,3.9,False,4,Q2,Thursday,False
TXN_000485,2022-06-28,Home & Garden,103.91,2,207.82,9.4,19.48,188.34,Budget,North,Retail Store,3.4,False,6,Q2,Tuesday,False
TXN_000486,2022-08-25,Toys,110.45,3,331.34,20.5,67.97,263.37,Regular,West,Online,3.0,False,8,Q3,Thursday,False
TXN_000487,2023-11-21,Toys,110.85,1,110.85,16.7,18.51,92.35,Regular,North,Retail Store,3.8,False,11,Q4,Tuesday,False
TXN_000488,2023-03-23,Sports,242.81,3,728.42,13.3,96.85,631.57,Budget,South,Retail Store,3.7,True,3,Q1,Thursday,False
TXN_000489,2023-08-05,Books,57.54,4,230.17,14.9,34.37,195.8,Regular,East,Retail Store,3.5,False,8,Q3,Saturday,True
TXN_000490,2022-01-01,Clothing,98.69,4,394.75,6.6,26.09,368.65,Regular,Central,Retail Store,3.8,False,1,Q1,Saturday,True
TXN_000491,2023-12-05,Sports,99.29,2,198.58,16.1,32.02,166.55,Budget,North,Retail Store,3.3,False,12,Q4,Tuesday,False
TXN_000492,2023-04-30,Clothing,358.12,1,358.12,21.5,77.07,281.05,Premium,South,Mobile App,5.0,False,4,Q2,Sunday,True
TXN_000493,2023-08-16,Toys,90.32,1,90.32,1.6,1.43,88.9,Budget,North,Retail Store,4.1,True,8,Q3,Wednesday,False
TXN_000494,2022-12-08,Beauty,124.88,3,374.65,23.2,87.06,287.59,Budget,North,Retail Store,3.1,True,12,Q4,Thursday,False
TXN_000495,2022-09-17,Sports,103.5,3,310.49,8.5,26.49,284.0,Budget,South,Online,4.2,True,9,Q3,Saturday,True
TXN_000496,2022-10-22,Sports,139.96,3,419.89,0.6,2.37,417.52,Budget,South,Retail Store,2.8,False,10,Q4,Saturday,True
TXN_000497,2022-05-26,Clothing,141.98,2,283.97,11.7,33.16,250.81,Regular,North,Mobile App,4.3,True,5,Q2,Thursday,False
TXN_000498,2023-06-05,Books,32.81,2,65.62,22.6,14.83,50.79,Regular,East,Online,3.3,True,6,Q2,Monday,False
TXN_000499,2022-03-06,Beauty,86.85,7,607.97,21.9,133.13,474.84,Premium,North,Online,2.5,False,3,Q1,Sunday,True
TXN_000500,2023-02-17,Books,23.24,2,46.47,7.5,3.46,43.01,Budget,South,Online,2.2,False,2,Q1,Friday,False
TXN_000501,2022-07-26,Beauty,184.42,3,553.27,3.5,19.23,534.05,Regular,East,Online,4.9,True,7,Q3,Tuesday,False
TXN_000502,2022-02-23,Clothing,98.08,1,98.08,27.2,26.68,71.39,Budget,North,Mobile App,3.1,True,2,Q1,Wednesday,False
TXN_000503,2022-11-23,Home & Garden,134.09,2,268.17,24.0,64.35,203.82,Budget,East,Retail Store,3.0,False,11,Q4,Wednesday,False
TXN_000504,2022-05-09,Beauty,52.59,2,105.19,23.8,25.0,80.18,Premium,Central,Online,2.9,True,5,Q2,Monday,False
TXN_000505,2022-02-13,Books,34.66,7,242.64,7.7,18.72,223.92,Regular,East,Mobile App,3.8,False,2,Q1,Sunday,True
TXN_000506,2023-09-23,Beauty,103.46,3,310.38,23.5,72.79,237.59,Regular,Central,Online,3.1,False,9,Q3,Saturday,True
TXN_000507,2023-05-30,Clothing,132.07,2,264.15,3.7,9.81,254.34,Budget,Central,Online,2.1,False,5,Q2,Tuesday,False
TXN_000508,2022-05-06,Home & Garden,70.03,2,140.06,9.0,12.62,127.43,Budget,East,Retail Store,4.3,True,5,Q2,Friday,False
TXN_000509,2023-06-11,Beauty,248.28,1,248.28,0.6,1.57,246.7,Premium,South,Online,5.0,True,6,Q2,Sunday,True
TXN_000510,2023-12-16,Clothing,178.46,4,713.86,11.7,83.23,630.63,Regular,North,Online,2.6,True,12,Q4,Saturday,True
TXN_000511,2022-08-17,Electronics,55.61,1,55.61,14.5,8.09,47.53,Regular,North,Online,3.6,False,8,Q3,Wednesday,False
TXN_000512,2022-12-07,Sports,155.36,1,155.36,31.2,48.53,106.83,Regular,Central,Mobile App,2.7,False,12,Q4,Wednesday,False
TXN_000513,2023-06-13,Electronics,1607.37,1,1607.37,0.8,13.14,1594.22,Regular,South,Retail Store,5.0,True,6,Q2,Tuesday,False
TXN_000514,2022-06-04,Toys,35.31,7,247.18,3.9,9.71,237.48,Budget,North,Retail Store,4.6,True,6,Q2,Saturday,True
TXN_000515,2023-04-25,Sports,61.92,1,61.92,11.9,7.4,54.52,Budget,North,Retail Store,4.1,False,4,Q2,Tuesday,False
TXN_000516,2023-12-13,Home & Garden,400.86,2,801.72,35.1,281.22,520.5,Regular,West,Mobile App,3.0,True,12,Q4,Wednesday,False
TXN_000517,2022-09-23,Beauty,139.64,2,279.29,3.3,9.18,270.11,Regular,West,Retail Store,5.0,True,9,Q3,Friday,False
TXN_000518,2022-11-30,Toys,77.86,1,77.86,37.4,29.16,48.7,Regular,East,Mobile App,3.3,False,11,Q4,Wednesday,False
TXN_000519,2022-10-13,Electronics,1620.91,2,3241.82,0.8,26.15,3215.67,Regular,South,Retail Store,1.5,True,10,Q4,Thursday,False
TXN_000520,2022-03-28,Toys,43.4,1,43.4,28.5,12.35,31.04,Budget,West,Mobile App,3.5,False,3,Q1,Monday,False
TXN_000521,2022-11-18,Home & Garden,223.69,3,671.06,15.0,100.95,570.11,Regular,Central,Retail Store,2.6,False,11,Q4,Friday,False
TXN_000522,2023-01-08,Books,23.42,3,70.26,7.1,4.99,65.27,Regular,East,Mobile App,3.5,False,1,Q1,Sunday,True
TXN_000523,2022-03-10,Books,47.4,3,142.2,13.0,18.42,123.78,Premium,Central,Online,3.7,False,3,Q1,Thursday,False
TXN_000524,2022-09-24,Beauty,120.19,4,480.77,18.2,87.45,393.32,Budget,South,Mobile App,2.6,True,9,Q3,Saturday,True
TXN_000525,2022-06-18,Clothing,150.68,1,150.68,5.7,8.58,142.1,Budget,North,Retail Store,2.3,False,6,Q2,Saturday,True
TXN_000526,2022-05-12,Clothing,292.23,2,584.46,9.4,54.65,529.81,Premium,Central,Retail Store,4.5,True,5,Q2,Thursday,False
TXN_000527,2022-01-02,Clothing,76.73,5,383.64,10.9,41.98,341.66,Budget,West,Online,4.7,True,1,Q1,Sunday,True
TXN_000528,2023-10-23,Home & Garden,135.98,3,407.95,18.4,75.18,332.77,Budget,North,Online,2.6,True,10,Q4,Monday,False
TXN_000529,2023-07-10,Beauty,94.96,7,664.75,14.6,96.97,567.79,Premium,East,Retail Store,3.3,False,7,Q3,Monday,False
TXN_000530,2022-02-26,Beauty,99.65,1,99.65,20.9,20.86,78.79,Regular,West,Online,3.5,True,2,Q1,Saturday,True
TXN_000531,2022-10-10,Clothing,209.79,4,839.15,3.9,33.03,806.12,Regular,South,Retail Store,4.6,True,10,Q4,Monday,False
TXN_000532,2022-08-14,Home & Garden,238.31,2,476.62,7.9,37.6,439.03,Regular,South,Online,3.5,True,8,Q3,Sunday,True
TXN_000533,2023-11-15,Sports,46.0,4,183.99,23.4,43.12,140.87,Budget,South,Mobile App,4.5,True,11,Q4,Wednesday,False
TXN_000534,2022-10-02,Clothing,379.52,2,759.03,12.1,92.15,666.88,Premium,South,Online,4.8,False,10,Q4,Sunday,True
TXN_000535,2022-01-05,Clothing,138.4,1,138.4,7.5,10.37,128.03,Regular,East,Mobile App,4.1,True,1,Q1,Wednesday,False
TXN_000536,2023-10-30,Clothing,163.22,2,326.45,21.3,69.45,257.0,Regular,Central,Online,5.0,True,10,Q4,Monday,False
TXN_000537,2022-05-31,Beauty,238.67,4,954.7,12.7,121.65,833.05,Premium,East,Mobile App,3.4,True,5,Q2,Tuesday,False
TXN_000538,2023-10-01,Toys,116.46,4,465.82,16.9,78.51,387.31,Regular,West,Mobile App,3.8,True,10,Q4,Sunday,True
TXN_000539,2022-01-26,Sports,35.94,5,179.69,19.2,34.55,145.15,Regular,Central,Online,3.3,False,1,Q1,Wednesday,False
TXN_000540,2022-12-02,Toys,18.5,1,18.5,27.6,5.1,13.39,Premium,North,Online,3.7,False,12,Q4,Friday,False
TXN_000541,2022-11-08,Books,28.4,6,170.41,12.5,21.23,149.19,Premium,Central,Retail Store,4.4,False,11,Q4,Tuesday,False
TXN_000542,2022-07-19,Sports,702.11,2,1404.21,6.1,85.05,1319.17,Premium,Central,Online,4.1,True,7,Q3,Tuesday,False
TXN_000543,2022-01-04,Toys,71.31,4,285.23,11.1,31.7,253.53,Budget,West,Retail Store,4.0,False,1,Q1,Tuesday,False
TXN_000544,2023-09-25,Toys,48.36,6,290.15,6.1,17.59,272.56,Regular,North,Online,3.8,True,9,Q3,Monday,False
TXN_000545,2022-12-02,Home & Garden,134.43,2,268.87,8.8,23.68,245.19,Regular,South,Online,4.9,False,12,Q4,Friday,False
TXN_000546,2022-05-12,Electronics,540.46,2,1080.92,8.3,89.46,991.46,Regular,South,Mobile App,4.3,False,5,Q2,Thursday,False
TXN_000547,2022-08-27,Toys,115.05,4,460.19,18.4,84.69,375.49,Regular,South,Mobile App,1.8,False,8,Q3,Saturday,True
TXN_000548,2023-06-23,Home & Garden,470.97,2,941.93,22.2,209.37,732.56,Regular,West,Mobile App,3.3,False,6,Q2,Friday,False
TXN_000549,2023-05-18,Home & Garden,94.34,7,660.35,1.4,9.02,651.34,Premium,West,Online,4.2,False,5,Q2,Thursday,False
TXN_000550,2022-06-14,Sports,153.22,2,306.45,3.2,9.89,296.56,Budget,Central,Online,4.2,True,6,Q2,Tuesday,False
TXN_000551,2022-01-19,Sports,117.03,1,117.03,13.2,15.48,101.55,Premium,South,Mobile App,4.0,True,1,Q1,Wednesday,False
TXN_000552,2023-01-29,Clothing,132.36,4,529.42,4.2,22.38,507.04,Budget,North,Retail Store,3.0,True,1,Q1,Sunday,True
TXN_000553,2023-12-26,Electronics,182.42,1,182.42,16.9,30.75,151.67,Premium,West,Retail Store,3.7,False,12,Q4,Tuesday,False
TXN_000554,2023-09-01,Beauty,64.2,1,64.2,13.4,8.6,55.6,Budget,North,Mobile App,3.1,False,9,Q3,Friday,False
TXN_000555,2022-05-07,Beauty,109.16,4,436.63,12.1,52.67,383.96,Regular,North,Mobile App,3.7,True,5,Q2,Saturday,True
TXN_000556,2023-01-19,Electronics,1290.3,1,1290.3,5.4,69.24,1221.06,Budget,East,Retail Store,2.5,True,1,Q1,Thursday,False
TXN_000557,2023-03-12,Home & Garden,66.31,5,331.55,15.6,51.82,279.72,Regular,East,Online,4.4,False,3,Q1,Sunday,True
TXN_000558,2023-05-19,Toys,68.38,2,136.76,13.4,18.26,118.5,Budget,North,Online,2.7,False,5,Q2,Friday,False
TXN_000559,2022-01-19,Electronics,419.06,2,838.13,2.6,21.74,816.39,Regular,East,Online,3.6,True,1,Q1,Wednesday,False
TXN_000560,2022-02-26,Books,44.62,1,44.62,5.7,2.55,42.07,Budget,North,Mobile App,3.1,True,2,Q1,Saturday,True
TXN_000561,2023-12-01,Sports,176.1,3,528.31,10.0,52.7,475.61,Regular,West,Retail Store,4.0,True,12,Q4,Friday,False
TXN_000562,2022-04-13,Home & Garden,207.19,4,828.78,13.1,108.47,720.31,Budget,South,Retail Store,2.8,True,4,Q2,Wednesday,False
TXN_000563,2023-08-07,Beauty,186.28,2,372.56,18.0,66.89,305.67,Regular,South,Online,3.9,True,8,Q3,Monday,False
TXN_000564,2022-06-28,Books,48.52,6,291.15,13.1,38.07,253.08,Regular,West,Mobile App,2.2,False,6,Q2,Tuesday,False
TXN_000565,2022-07-13,Books,22.11,7,154.78,1.2,1.85,152.93,Regular,West,Online,3.8,False,7,Q3,Wednesday,False
TXN_000566,2023-09-12,Clothing,20.6,4,82.38,9.6,7.92,74.46,Budget,South,Retail Store,2.7,False,9,Q3,Tuesday,False
TXN_000567,2022-11-23,Beauty,15.5,3,46.5,18.7,8.69,37.81,Regular,South,Online,4.7,True,11,Q4,Wednesday,False
TXN_000568,2023-11-21,Sports,128.71,3,386.13,13.5,51.96,334.17,Budget,East,Online,3.7,False,11,Q4,Tuesday,False
TXN_000569,2023-01-11,Clothing,30.08,7,210.54,5.5,11.58,198.96,Budget,East,Retail Store,2.4,False,1,Q1,Wednesday,False
TXN_000570,2023-05-31,Books,39.28,4,157.14,12.6,19.87,137.26,Regular,East,Online,4.1,False,5,Q2,Wednesday,False
TXN_000571,2022-11-20,Beauty,171.3,3,513.9,9.3,47.99,465.91,Regular,West,Online,3.6,False,11,Q4,Sunday,True
TXN_000572,2022-06-20,Books,109.29,7,765.0,10.9,83.43,681.58,Premium,West,Retail Store,3.7,False,6,Q2,Monday,False
TXN_000573,2023-07-05,Sports,158.63,1,158.63,19.2,30.47,128.17,Regular,Central,Mobile App,3.9,True,7,Q3,Wednesday,False
TXN_000574,2022-09-16,Sports,136.75,2,273.49,6.7,18.24,255.25,Budget,South,Retail Store,2.7,True,9,Q3,Friday,False
TXN_000575,2022-08-25,Toys,77.38,6,464.29,7.4,34.58,429.7,Premium,North,Online,5.0,True,8,Q3,Thursday,False
TXN_000576,2022-11-22,Sports,96.05,2,192.1,29.4,56.56,135.54,Budget,West,Online,1.7,False,11,Q4,Tuesday,False
TXN_000577,2022-02-21,Electronics,849.43,1,849.43,4.4,37.29,812.14,Regular,South,Retail Store,3.6,False,2,Q1,Monday,False
TXN_000578,2023-11-13,Books,58.42,2,116.83,19.5,22.82,94.01,Regular,East,Retail Store,2.9,True,11,Q4,Monday,False
TXN_000579,2023-01-10,Home & Garden,346.75,1,346.75,13.5,46.78,299.97,Budget,South,Retail Store,3.2,True,1,Q1,Tuesday,False
TXN_000580,2023-03-29,Toys,101.61,1,101.61,4.1,4.19,97.41,Budget,East,Retail Store,2.0,False,3,Q1,Wednesday,False
TXN_000581,2022-06-28,Toys,116.88,3,350.63,20.9,73.31,277.31,Budget,East,Online,4.1,False,6,Q2,Tuesday,False
TXN_000582,2022-02-15,Clothing,30.62,3,91.87,1.9,1.77,90.1,Regular,East,Retail Store,4.3,True,2,Q1,Tuesday,False
TXN_000583,2023-09-07,Electronics,1645.24,2,3290.48,20.6,678.69,2611.79,Regular,East,Online,3.8,False,9,Q3,Thursday,False
TXN_000584,2022-07-07,Beauty,186.78,2,373.57,1.0,3.7,369.86,Regular,West,Retail Store,3.0,False,7,Q3,Thursday,False
TXN_000585,2023-11-20,Books,35.84,6,215.05,13.4,28.89,186.16,Budget,South,Retail Store,2.5,True,11,Q4,Monday,False
TXN_000586,2023-02-25,Books,63.43,7,444.02,16.8,74.46,369.56,Budget,East,Online,2.3,False,2,Q1,Saturday,True
TXN_000587,2023-11-29,Beauty,65.58,6,393.46,15.6,61.38,332.08,Budget,North,Retail Store,3.0,True,11,Q4,Wednesday,False
TXN_000588,2023-10-28,Clothing,156.33,4,625.32,14.7,91.89,533.43,Budget,Central,Online,4.1,False,10,Q4,Saturday,True
TXN_000589,2023-09-06,Home & Garden,53.75,7,376.27,21.0,78.87,297.41,Budget,North,Online,1.9,False,9,Q3,Wednesday,False
TXN_000590,2022-08-09,Sports,504.63,2,1009.27,4.6,46.3,962.97,Regular,East,Retail Store,3.4,False,8,Q3,Tuesday,False
TXN_000591,2022-05-09,Toys,97.97,4,391.87,24.5,96.15,295.72,Regular,Central,Mobile App,5.0,False,5,Q2,Monday,False
TXN_000592,2023-08-22,Clothing,28.59,5,142.96,4.7,6.74,136.22,Regular,West,Retail Store,4.5,False,8,Q3,Tuesday,False
TXN_000593,2023-09-20,Sports,162.83,3,488.48,23.0,112.49,375.99,Budget,West,Online,2.9,False,9,Q3,Wednesday,False
TXN_000594,2023-04-29,Books,42.64,6,255.81,11.3,28.96,226.85,Budget,South,Retail Store,3.2,False,4,Q2,Saturday,True
TXN_000595,2022-10-26,Sports,257.85,2,515.69,22.9,118.0,397.69,Premium,North,Online,2.9,True,10,Q4,Wednesday,False
TXN_000596,2023-06-22,Electronics,226.6,3,679.8,10.3,69.74,610.05,Regular,West,Retail Store,4.0,True,6,Q2,Thursday,False
TXN_000597,2022-11-29,Electronics,1447.0,1,1447.0,26.3,380.61,1066.39,Regular,West,Online,3.6,True,11,Q4,Tuesday,False
TXN_000598,2023-09-11,Sports,82.37,5,411.83,25.5,105.17,306.66,Regular,West,Mobile App,2.8,False,9,Q3,Monday,False
TXN_000599,2023-11-12,Clothing,136.35,1,136.35,21.9,29.81,106.54,Regular,West,Retail Store,4.3,False,11,Q4,Sunday,True
TXN_000600,2022-04-11,Clothing,277.81,2,555.61,22.2,123.16,432.45,Regular,North,Mobile App,3.6,True,4,Q2,Monday,False
TXN_000601,2023-05-29,Books,18.34,3,55.01,6.7,3.71,51.31,Budget,West,Retail Store,2.5,False,5,Q2,Monday,False
TXN_000602,2022-03-10,Sports,94.84,1,94.84,11.8,11.18,83.66,Regular,West,Mobile App,3.6,True,3,Q1,Thursday,False
TXN_000603,2022-04-24,Beauty,48.47,6,290.81,22.5,65.3,225.52,Budget,Central,Online,2.5,False,4,Q2,Sunday,True
TXN_000604,2023-09-18,Beauty,82.37,6,494.21,30.0,148.18,346.03,Premium,West,Mobile App,3.9,True,9,Q3,Monday,False
TXN_000605,2023-12-09,Toys,102.8,4,411.2,33.6,138.07,273.14,Regular,West,Mobile App,3.1,True,12,Q4,Saturday,True
TXN_000606,2022-01-29,Books,34.1,5,170.49,6.2,10.64,159.84,Premium,East,Retail Store,3.9,True,1,Q1,Saturday,True
TXN_000607,2022-10-27,Books,86.76,1,86.76,12.4,10.77,75.99,Premium,West,Online,4.6,False,10,Q4,Thursday,False
TXN_000608,2022-02-27,Clothing,123.75,4,494.98,1.1,5.25,489.73,Budget,South,Retail Store,3.3,False,2,Q1,Sunday,True
TXN_000609,2023-07-21,Books,79.74,2,159.47,20.3,32.44,127.03,Regular,Central,Online,4.2,False,7,Q3,Friday,False
TXN_000610,2023-06-07,Toys,172.63,2,345.26,10.9,37.67,307.59,Premium,West,Mobile App,3.8,True,6,Q2,Wednesday,False
TXN_000611,2022-09-12,Sports,105.39,4,421.58,24.1,101.43,320.15,Budget,East,Mobile App,3.0,True,9,Q3,Monday,False
TXN_000612,2023-12-28,Books,11.4,2,22.8,9.3,2.13,20.67,Regular,East,Retail Store,4.3,False,12,Q4,Thursday,False
TXN_000613,2022-08-17,Books,28.84,7,201.9,14.5,29.19,172.72,Regular,West,Online,2.9,False,8,Q3,Wednesday,False
TXN_000614,2022-09-26,Home & Garden,555.74,3,1667.21,5.4,89.71,1577.5,Premium,Central,Retail Store,4.1,False,9,Q3,Monday,False
TXN_000615,2023-10-28,Electronics,230.5,2,461.01,2.9,13.3,447.71,Budget,South,Retail Store,3.2,False,10,Q4,Saturday,True
TXN_000616,2022-07-05,Beauty,128.33,2,256.65,13.5,34.6,222.06,Budget,East,Retail Store,5.0,True,7,Q3,Tuesday,False
TXN_000617,2022-04-14,Clothing,364.5,1,364.5,21.3,77.74,286.76,Regular,Central,Online,3.7,False,4,Q2,Thursday,False
TXN_000618,2022-07-05,Clothing,78.89,3,236.66,6.4,15.26,221.4,Premium,North,Retail Store,3.5,False,7,Q3,Tuesday,False
TXN_000619,2023-04-05,Sports,257.82,1,257.82,12.7,32.82,225.0,Budget,East,Online,2.7,True,4,Q2,Wednesday,False
TXN_000620,2023-12-21,Books,47.33,3,141.99,16.1,22.92,119.07,Regular,Central,Online,3.3,True,12,Q4,Thursday,False
TXN_000621,2022-10-26,Clothing,63.72,3,191.17,2.4,4.58,186.59,Regular,South,Retail Store,3.3,False,10,Q4,Wednesday,False
TXN_000622,2022-10-31,Electronics,258.42,2,516.83,2.0,10.39,506.44,Regular,North,Retail Store,3.9,True,10,Q4,Monday,False
TXN_000623,2022-10-10,Clothing,57.16,7,400.11,3.2,12.94,387.17,Budget,Central,Retail Store,2.3,False,10,Q4,Monday,False
TXN_000624,2022-09-05,Beauty,289.29,2,578.58,3.7,21.68,556.89,Premium,Central,Online,5.0,True,9,Q3,Monday,False
TXN_000625,2023-11-04,Toys,76.34,1,76.34,35.0,26.69,49.65,Budget,East,Online,3.2,False,11,Q4,Saturday,True
TXN_000626,2023-01-24,Home & Garden,238.8,1,238.8,7.5,18.03,220.78,Budget,West,Retail Store,3.2,False,1,Q1,Tuesday,False
TXN_000627,2023-03-30,Electronics,307.16,1,307.16,29.1,89.26,217.91,Regular,Central,Mobile App,2.8,False,3,Q1,Thursday,False
TXN_000628,2022-09-18,Clothing,323.22,1,323.22,17.5,56.71,266.5,Premium,West,Mobile App,4.5,True,9,Q3,Sunday,True
TXN_000629,2022-06-10,Clothing,240.71,4,962.83,11.2,107.72,855.12,Premium,Central,Online,4.1,True,6,Q2,Friday,False
TXN_000630,2023-04-16,Clothing,204.54,3,613.62,3.5,21.69,591.93,Budget,North,Retail Store,3.5,False,4,Q2,Sunday,True
TXN_000631,2022-10-07,Clothing,72.16,7,505.09,17.5,88.43,416.66,Regular,Central,Online,2.6,False,10,Q4,Friday,False
TXN_000632,2022-03-20,Electronics,138.39,1,138.39,13.2,18.31,120.07,Budget,North,Online,3.0,False,3,Q1,Sunday,True
TXN_000633,2023-11-24,Toys,57.74,2,115.47,28.0,32.36,83.11,Regular,North,Mobile App,2.1,True,11,Q4,Friday,False
TXN_000634,2023-09-24,Sports,242.09,1,242.09,19.5,47.11,194.98,Premium,Central,Online,3.4,True,9,Q3,Sunday,True
TXN_000635,2022-08-10,Toys,39.46,7,276.25,16.8,46.44,229.82,Regular,South,Online,3.3,False,8,Q3,Wednesday,False
TXN_000636,2022-10-15,Electronics,607.62,1,607.62,3.6,21.65,585.97,Budget,West,Retail Store,3.0,False,10,Q4,Saturday,True
TXN_000637,2022-04-13,Electronics,1313.46,1,1313.46,10.2,134.63,1178.83,Regular,South,Retail Store,4.8,True,4,Q2,Wednesday,False
TXN_000638,2023-09-26,Toys,54.69,7,382.84,3.5,13.46,369.38,Regular,North,Retail Store,3.4,True,9,Q3,Tuesday,False
TXN_000639,2022-01-24,Sports,196.65,3,589.95,9.9,58.31,531.64,Regular,West,Retail Store,4.2,False,1,Q1,Monday,False
TXN_000640,2022-07-01,Clothing,161.46,2,322.92,24.7,79.66,243.26,Premium,East,Mobile App,3.2,False,7,Q3,Friday,False
TXN_000641,2023-08-22,Books,20.59,7,144.12,5.5,7.86,136.26,Regular,Central,Mobile App,2.9,True,8,Q3,Tuesday,False
TXN_000642,2023-01-23,Beauty,142.58,3,427.74,2.7,11.59,416.15,Budget,West,Online,3.3,False,1,Q1,Monday,False
TXN_000643,2022-08-17,Clothing,77.38,2,154.77,6.3,9.69,145.08,Premium,North,Mobile App,4.9,True,8,Q3,Wednesday,False
TXN_000644,2023-02-16,Books,11.03,5,55.15,7.5,4.15,51.0,Budget,Central,Online,5.0,True,2,Q1,Thursday,False
TXN_000645,2022-05-21,Sports,173.92,2,347.83,6.4,22.13,325.7,Regular,North,Mobile App,3.6,False,5,Q2,Saturday,True
TXN_000646,2022-08-14,Beauty,86.79,3,260.37,14.8,38.63,221.74,Budget,South,Online,2.8,True,8,Q3,Sunday,True
TXN_000647,2023-10-09,Beauty,194.47,4,777.89,2.5,19.63,758.26,Regular,East,Online,3.2,True,10,Q4,Monday,False
TXN_000648,2023-11-11,Toys,13.87,6,83.23,35.0,29.12,54.11,Premium,West,Online,3.8,True,11,Q4,Saturday,True
TXN_000649,2023-11-05,Books,48.74,3,146.23,18.6,27.27,118.97,Budget,East,Online,2.7,False,11,Q4,Sunday,True
TXN_000650,2023-04-20,Home & Garden,392.1,1,392.1,20.0,78.27,313.83,Regular,South,Online,3.6,False,4,Q2,Thursday,False
TXN_000651,2022-04-02,Toys,80.1,4,320.41,12.3,39.51,280.9,Premium,West,Online,4.0,True,4,Q2,Saturday,True
TXN_000652,2023-01-02,Clothing,233.75,3,701.24,5.9,41.1,660.14,Regular,East,Retail Store,1.9,False,1,Q1,Monday,False
TXN_000653,2023-03-31,Beauty,46.23,3,138.7,22.3,30.92,107.77,Budget,South,Online,3.3,True,3,Q1,Friday,False
TXN_000654,2023-06-23,Clothing,184.99,3,554.97,10.4,57.64,497.32,Premium,East,Mobile App,3.3,True,6,Q2,Friday,False
TXN_000655,2022-01-22,Books,17.51,2,35.02,11.3,3.96,31.06,Budget,East,Online,4.2,False,1,Q1,Saturday,True
TXN_000656,2022-08-24,Toys,118.51,2,237.02,12.1,28.58,208.44,Regular,West,Retail Store,4.5,True,8,Q3,Wednesday,False
TXN_000657,2022-09-14,Books,36.88,6,221.26,7.6,16.76,204.5,Regular,Central,Online,2.8,False,9,Q3,Wednesday,False
TXN_000658,2022-07-18,Toys,54.76,4,219.04,2.1,4.56,214.48,Regular,East,Online,3.6,False,7,Q3,Monday,False
TXN_000659,2022-10-29,Beauty,252.34,4,1009.37,20.2,204.09,805.28,Premium,Central,Online,4.6,True,10,Q4,Saturday,True
TXN_000660,2023-11-18,Beauty,139.08,4,556.34,33.9,188.38,367.96,Regular,North,Mobile App,1.7,False,11,Q4,Saturday,True
TXN_000661,2022-04-25,Electronics,676.79,2,1353.57,13.1,176.94,1176.63,Regular,South,Retail Store,4.6,True,4,Q2,Monday,False
TXN_000662,2022-08-05,Books,37.05,4,148.18,3.1,4.66,143.53,Regular,South,Online,2.6,False,8,Q3,Friday,False
TXN_000663,2022-04-28,Home & Garden,452.65,4,1810.59,12.4,224.13,1586.46,Regular,Central,Retail Store,4.6,False,4,Q2,Thursday,False
TXN_000664,2023-04-22,Books,35.44,2,70.88,3.7,2.64,68.24,Budget,West,Online,3.6,False,4,Q2,Saturday,True
TXN_000665,2023-07-28,Clothing,95.05,1,95.05,20.7,19.71,75.34,Budget,West,Mobile App,3.3,True,7,Q3,Friday,False
TXN_000666,2023-10-17,Toys,64.33,1,64.33,15.2,9.75,54.58,Budget,North,Online,3.9,False,10,Q4,Tuesday,False
TXN_000667,2023-10-27,Sports,210.62,1,210.62,16.1,33.99,176.63,Budget,East,Online,3.8,False,10,Q4,Friday,False
TXN_000668,2023-02-26,Books,79.43,7,556.0,9.7,54.1,501.89,Regular,South,Retail Store,2.8,False,2,Q1,Sunday,True
TXN_000669,2022-10-16,Beauty,40.99,4,163.98,17.1,28.05,135.93,Regular,East,Online,4.4,False,10,Q4,Sunday,True
TXN_000670,2023-04-22,Clothing,343.9,1,343.9,18.7,64.32,279.58,Regular,Central,Online,3.6,True,4,Q2,Saturday,True
TXN_000671,2023-03-20,Home & Garden,167.34,3,502.03,11.7,58.92,443.11,Premium,West,Mobile App,4.7,False,3,Q1,Monday,False
TXN_000672,2022-04-26,Books,54.95,6,329.69,14.8,48.7,280.99,Premium,North,Online,4.5,False,4,Q2,Tuesday,False
TXN_000673,2023-01-29,Electronics,949.16,2,1898.32,0.3,5.99,1892.33,Regular,West,Retail Store,2.3,False,1,Q1,Sunday,True
TXN_000674,2023-11-22,Beauty,98.44,2,196.88,27.2,53.56,143.32,Budget,North,Online,3.4,False,11,Q4,Wednesday,False
TXN_000675,2022-04-23,Beauty,74.26,6,445.53,14.7,65.62,379.91,Regular,North,Retail Store,4.1,True,4,Q2,Saturday,True
TXN_000676,2022-06-07,Electronics,1053.84,1,1053.84,6.5,68.87,984.97,Budget,West,Online,2.5,False,6,Q2,Tuesday,False
TXN_000677,2023-12-04,Toys,40.76,3,122.27,19.7,24.12,98.14,Regular,East,Retail Store,4.5,False,12,Q4,Monday,False
TXN_000678,2023-07-06,Books,54.09,5,270.46,7.8,21.12,249.33,Regular,East,Mobile App,4.1,True,7,Q3,Thursday,False
TXN_000679,2023-11-23,Books,39.71,1,39.71,30.5,12.09,27.61,Regular,Central,Online,2.4,False,11,Q4,Thursday,False
TXN_000680,2023-06-21,Toys,32.11,1,32.11,5.9,1.89,30.22,Budget,South,Mobile App,2.9,False,6,Q2,Wednesday,False
TXN_000681,2023-03-28,Home & Garden,234.09,1,234.09,10.8,25.34,208.76,Budget,North,Mobile App,3.4,False,3,Q1,Tuesday,False
TXN_000682,2022-12-25,Toys,85.19,2,170.38,26.2,44.57,125.81,Regular,East,Retail Store,4.6,False,12,Q4,Sunday,True
TXN_000683,2023-02-09,Home & Garden,374.35,3,1123.04,13.2,147.71,975.33,Regular,Central,Mobile App,3.4,True,2,Q1,Thursday,False
TXN_000684,2023-09-07,Books,92.6,5,462.99,20.1,93.17,369.81,Premium,West,Online,3.8,False,9,Q3,Thursday,False
TXN_000685,2023-08-27,Beauty,106.54,1,106.54,5.0,5.34,101.2,Regular,North,Retail Store,3.4,False,8,Q3,Sunday,True
TXN_000686,2022-12-06,Electronics,136.91,2,273.81,33.4,91.52,182.29,Premium,North,Online,3.1,True,12,Q4,Tuesday,False
TXN_000687,2023-08-21,Sports,137.22,3,411.65,9.7,39.77,371.87,Regular,West,Online,3.9,False,8,Q3,Monday,False
TXN_000688,2023-11-10,Home & Garden,149.52,4,598.1,33.2,198.39,399.71,Budget,West,Online,4.6,True,11,Q4,Friday,False
TXN_000689,2022-03-07,Toys,132.33,2,264.66,4.5,11.98,252.69,Regular,North,Retail Store,3.3,False,3,Q1,Monday,False
TXN_000690,2022-11-15,Electronics,1379.29,2,2758.58,29.9,824.11,1934.47,Budget,West,Mobile App,4.6,True,11,Q4,Tuesday,False
TXN_000691,2023-03-24,Books,59.29,2,118.57,24.1,28.58,89.99,Premium,West,Mobile App,4.6,True,3,Q1,Friday,False
TXN_000692,2022-05-14,Electronics,223.74,2,447.48,12.5,56.13,391.36,Regular,North,Online,3.4,False,5,Q2,Saturday,True
TXN_000693,2022-06-25,Beauty,74.86,6,449.17,18.6,83.47,365.7,Budget,West,Online,3.0,False,6,Q2,Saturday,True
TXN_000694,2022-10-19,Home & Garden,285.93,1,285.93,11.4,32.63,253.3,Regular,South,Online,3.2,False,10,Q4,Wednesday,False
TXN_000695,2022-09-10,Electronics,636.58,2,1273.15,18.1,230.56,1042.59,Budget,East,Online,2.0,True,9,Q3,Saturday,True
TXN_000696,2022-02-26,Clothing,78.34,3,235.03,10.4,24.56,210.47,Budget,South,Online,3.2,True,2,Q1,Saturday,True
TXN_000697,2023-08-29,Clothing,179.39,1,179.39,12.6,22.68,156.71,Regular,North,Mobile App,4.5,True,8,Q3,Tuesday,False
TXN_000698,2023-01-31,Beauty,123.84,1,123.84,1.6,1.96,121.88,Premium,West,Online,3.6,True,1,Q1,Tuesday,False
TXN_000699,2023-04-06,Sports,134.23,2,268.47,17.4,46.59,221.88,Premium,North,Online,3.7,True,4,Q2,Thursday,False
TXN_000700,2022-10-22,Clothing,154.02,3,462.07,10.4,48.26,413.81,Regular,South,Mobile App,4.1,True,10,Q4,Saturday,True
TXN_000701,2023-02-20,Clothing,181.96,3,545.87,23.6,129.02,416.86,Regular,Central,Mobile App,4.0,False,2,Q1,Monday,False
TXN_000702,2023-01-28,Beauty,68.0,1,68.0,13.5,9.21,58.79,Budget,East,Retail Store,1.8,True,1,Q1,Saturday,True
TXN_000703,2022-04-15,Beauty,40.12,2,80.25,8.9,7.12,73.13,Budget,East,Retail Store,3.0,False,4,Q2,Friday,False
TXN_000704,2023-05-02,Books,62.2,5,311.01,5.4,16.89,294.11,Regular,South,Mobile App,2.2,False,5,Q2,Tuesday,False
TXN_000705,2023-08-01,Beauty,102.71,4,410.84,10.6,43.68,367.16,Regular,North,Retail Store,3.9,True,8,Q3,Tuesday,False
TXN_000706,2023-12-07,Electronics,2310.44,1,2310.44,37.3,860.78,1449.65,Regular,North,Mobile App,3.0,False,12,Q4,Thursday,False
TXN_000707,2023-09-15,Toys,149.97,1,149.97,13.7,20.59,129.38,Regular,North,Retail Store,3.2,False,9,Q3,Friday,False
TXN_000708,2022-08-13,Books,52.13,5,260.64,8.4,21.89,238.75,Regular,North,Retail Store,3.2,False,8,Q3,Saturday,True
TXN_000709,2023-06-04,Clothing,63.54,5,317.69,6.8,21.61,296.08,Budget,West,Retail Store,4.0,False,6,Q2,Sunday,True
TXN_000710,2022-04-16,Toys,59.7,7,417.91,10.0,41.79,376.12,Regular,West,Online,2.8,False,4,Q2,Saturday,True
TXN_000711,2023-06-30,Home & Garden,434.39,1,434.39,6.4,27.66,406.74,Regular,Central,Online,2.8,False,6,Q2,Friday,False
TXN_000712,2023-09-13,Books,25.79,2,51.58,13.4,6.9,44.67,Premium,South,Online,4.7,False,9,Q3,Wednesday,False
TXN_000713,2023-08-16,Toys,144.11,4,576.43,12.7,73.31,503.13,Regular,East,Online,4.3,True,8,Q3,Wednesday,False
TXN_000714,2022-12-22,Beauty,140.08,3,420.25,36.7,154.37,265.88,Budget,South,Mobile App,3.7,True,12,Q4,Thursday,False
TXN_000715,2022-12-16,Clothing,131.94,4,527.77,22.4,118.39,409.38,Regular,Central,Online,3.2,False,12,Q4,Friday,False
TXN_000716,2022-05-27,Toys,44.26,3,132.77,10.8,14.32,118.45,Premium,Central,Retail Store,4.8,False,5,Q2,Friday,False
TXN_000717,2022-07-20,Beauty,50.82,2,101.64,4.1,4.2,97.45,Regular,Central,Retail Store,4.4,False,7,Q3,Wednesday,False
TXN_000718,2022-05-08,Toys,16.94,6,101.66,4.6,4.63,97.04,Budget,South,Retail Store,2.0,False,5,Q2,Sunday,True
TXN_000719,2023-12-07,Electronics,2877.09,1,2877.09,18.8,539.84,2337.25,Regular,Central,Online,2.7,False,12,Q4,Thursday,False
TXN_000720,2023-01-13,Home & Garden,39.15,1,39.15,14.1,5.54,33.61,Regular,West,Retail Store,2.7,False,1,Q1,Friday,False
TXN_000721,2023-07-04,Home & Garden,195.15,4,780.62,13.4,104.94,675.67,Regular,East,Retail Store,3.4,False,7,Q3,Tuesday,False
TXN_000722,2023-11-13,Clothing,87.69,6,526.16,12.4,65.13,461.03,Regular,Central,Online,1.6,True,11,Q4,Monday,False
TXN_000723,2023-04-10,Home & Garden,405.91,3,1217.73,18.9,229.86,987.86,Regular,Central,Online,2.7,False,4,Q2,Monday,False
TXN_000724,2023-11-15,Beauty,59.44,4,237.75,14.6,34.78,202.97,Budget,West,Retail Store,4.4,True,11,Q4,Wednesday,False
TXN_000725,2022-03-17,Electronics,1011.29,2,2022.59,1.2,24.95,1997.63,Budget,West,Online,3.3,False,3,Q1,Thursday,False
TXN_000726,2023-08-01,Clothing,159.65,1,159.65,1.8,2.89,156.76,Budget,Central,Online,2.7,True,8,Q3,Tuesday,False
TXN_000727,2022-06-01,Beauty,25.57,6,153.44,16.0,24.6,128.84,Budget,South,Online,4.0,False,6,Q2,Wednesday,False
TXN_000728,2022-06-26,Toys,62.51,1,62.51,28.3,17.71,44.81,Regular,North,Mobile App,3.4,False,6,Q2,Sunday,True
TXN_000729,2023-08-27,Beauty,142.89,2,285.78,21.2,60.72,225.06,Regular,West,Online,5.0,True,8,Q3,Sunday,True
TXN_000730,2022-06-06,Toys,38.57,4,154.28,10.8,16.69,137.59,Budget,South,Retail Store,4.0,True,6,Q2,Monday,False
TXN_000731,2022-03-14,Clothing,198.02,1,198.02,25.1,49.61,148.4,Regular,North,Mobile App,4.3,True,3,Q1,Monday,False
TXN_000732,2022-05-11,Beauty,44.53,4,178.13,10.6,18.86,159.27,Regular,North,Retail Store,3.2,False,5,Q2,Wednesday,False
TXN_000733,2022-11-17,Books,46.73,3,140.18,14.3,20.03,120.15,Budget,North,Online,4.0,True,11,Q4,Thursday,False
TXN_000734,2022-11-25,Clothing,80.17,2,160.34,28.3,45.37,114.97,Premium,Central,Online,3.6,False,11,Q4,Friday,False
TXN_000735,2022-07-28,Beauty,127.26,2,254.53,0.1,0.19,254.34,Budget,Central,Online,3.8,True,7,Q3,Thursday,False
TXN_000736,2023-09-09,Clothing,120.42,2,240.84,27.9,67.25,173.59,Regular,West,Mobile App,4.7,False,9,Q3,Saturday,True
TXN_000737,2022-08-17,Toys,102.91,4,411.63,0.3,1.26,410.37,Regular,East,Retail Store,4.7,True,8,Q3,Wednesday,False
TXN_000738,2022-10-08,Books,71.48,5,357.39,7.4,26.29,331.1,Regular,East,Retail Store,2.9,True,10,Q4,Saturday,True
TXN_000739,2022-10-16,Clothing,115.9,1,115.9,24.5,28.35,87.54,Regular,North,Mobile App,5.0,True,10,Q4,Sunday,True
TXN_000740,2022-07-02,Toys,14.8,2,29.6,9.1,2.7,26.9,Regular,South,Online,3.7,False,7,Q3,Saturday,True
TXN_000741,2023-08-03,Beauty,17.76,2,35.53,11.5,4.08,31.45,Budget,North,Retail Store,2.5,False,8,Q3,Thursday,False
TXN_000742,2022-07-13,Home & Garden,40.65,5,203.25,0.9,1.93,201.32,Regular,East,Online,4.5,False,7,Q3,Wednesday,False
TXN_000743,2023-08-08,Home & Garden,543.13,1,543.13,6.7,36.25,506.88,Premium,Central,Mobile App,3.0,True,8,Q3,Tuesday,False
TXN_000744,2022-09-23,Clothing,230.18,3,690.54,2.9,19.81,670.73,Budget,East,Retail Store,3.9,False,9,Q3,Friday,False
TXN_000745,2022-02-25,Home & Garden,659.71,1,659.71,10.3,67.62,592.09,Premium,Central,Online,5.0,True,2,Q1,Friday,False
TXN_000746,2023-06-12,Beauty,109.75,6,658.48,10.1,66.31,592.17,Premium,South,Retail Store,4.1,True,6,Q2,Monday,False
TXN_000747,2022-10-15,Beauty,271.49,1,271.49,23.3,63.36,208.12,Premium,North,Online,3.6,False,10,Q4,Saturday,True
TXN_000748,2022-04-06,Beauty,108.55,1,108.55,3.6,3.9,104.65,Regular,West,Retail Store,4.2,True,4,Q2,Wednesday,False
TXN_000749,2023-04-27,Toys,125.19,3,375.56,21.6,81.17,294.39,Regular,West,Online,3.3,False,4,Q2,Thursday,False
TXN_000750,2022-03-14,Books,53.69,3,161.08,22.6,36.44,124.64,Regular,West,Online,3.6,False,3,Q1,Monday,False
TXN_000751,2022-02-20,Books,98.86,2,197.71,4.9,9.63,188.08,Premium,West,Retail Store,2.2,False,2,Q1,Sunday,True
TXN_000752,2023-07-27,Books,63.99,2,127.97,5.7,7.29,120.68,Regular,East,Retail Store,2.7,False,7,Q3,Thursday,False
TXN_000753,2023-12-13,Books,17.91,2,35.83,20.3,7.26,28.57,Regular,Central,Mobile App,3.2,True,12,Q4,Wednesday,False
TXN_000754,2022-12-05,Toys,50.67,2,101.35,15.4,15.59,85.76,Premium,East,Online,4.4,True,12,Q4,Monday,False
TXN_000755,2023-04-17,Clothing,88.16,5,440.8,14.1,62.0,378.8,Regular,North,Retail Store,4.9,False,4,Q2,Monday,False
TXN_000756,2023-08-14,Beauty,96.16,4,384.63,26.5,101.86,282.77,Regular,West,Mobile App,3.9,True,8,Q3,Monday,False
TXN_000757,2022-02-15,Clothing,141.79,1,141.79,3.6,5.06,136.73,Regular,West,Online,3.3,False,2,Q1,Tuesday,False
TXN_000758,2023-03-18,Electronics,489.49,2,978.97,4.3,41.78,937.19,Budget,West,Retail Store,4.1,True,3,Q1,Saturday,True
TXN_000759,2022-04-01,Toys,182.25,2,364.5,13.0,47.45,317.05,Premium,North,Mobile App,4.4,True,4,Q2,Friday,False
TXN_000760,2023-11-07,Toys,147.62,1,147.62,29.5,43.57,104.05,Regular,East,Online,3.3,False,11,Q4,Tuesday,False
TXN_000761,2023-11-18,Books,37.04,6,222.22,9.9,21.97,200.25,Regular,South,Online,3.6,False,11,Q4,Saturday,True
TXN_000762,2022-03-01,Sports,248.48,3,745.45,3.5,26.18,719.26,Regular,North,Online,4.0,False,3,Q1,Tuesday,False
TXN_000763,2023-01-18,Electronics,822.69,1,822.69,1.6,13.21,809.47,Budget,North,Online,3.4,False,1,Q1,Wednesday,False
TXN_000764,2023-05-05,Clothing,216.66,3,649.97,25.0,162.76,487.22,Regular,Central,Mobile App,4.1,True,5,Q2,Friday,False
TXN_000765,2023-01-01,Home & Garden,353.9,1,353.9,2.3,8.04,345.86,Premium,East,Retail Store,2.2,False,1,Q1,Sunday,True
TXN_000766,2023-02-21,Books,35.38,6,212.28,14.2,30.22,182.07,Regular,South,Retail Store,3.1,True,2,Q1,Tuesday,False
TXN_000767,2023-01-17,Electronics,989.43,1,989.43,8.6,85.51,903.92,Premium,South,Retail Store,3.9,False,1,Q1,Tuesday,False
TXN_000768,2022-08-25,Books,38.66,6,231.96,16.4,37.94,194.02,Budget,West,Online,3.0,False,8,Q3,Thursday,False
TXN_000769,2022-04-22,Home & Garden,213.23,2,426.46,7.1,30.12,396.35,Regular,North,Retail Store,3.4,False,4,Q2,Friday,False
TXN_000770,2022-04-25,Books,42.88,1,42.88,19.0,8.15,34.73,Premium,Central,Online,2.6,False,4,Q2,Monday,False
TXN_000771,2023-11-16,Clothing,60.15,2,120.3,15.9,19.17,101.13,Regular,West,Retail Store,4.4,True,11,Q4,Thursday,False
TXN_000772,2023-04-06,Books,23.24,3,69.71,10.6,7.36,62.34,Regular,West,Online,3.6,True,4,Q2,Thursday,False
TXN_000773,2022-12-03,Toys,32.91,6,197.43,25.1,49.52,147.91,Regular,East,Retail Store,3.5,False,12,Q4,Saturday,True
TXN_000774,2022-08-30,Books,20.44,6,122.64,14.7,18.07,104.58,Budget,Central,Online,4.8,True,8,Q3,Tuesday,False
TXN_000775,2023-09-11,Books,19.0,2,38.0,11.7,4.46,33.55,Regular,North,Online,2.7,False,9,Q3,Monday,False
TXN_000776,2022-08-23,Home & Garden,175.42,3,526.26,10.8,57.07,469.19,Budget,North,Online,3.5,False,8,Q3,Tuesday,False
TXN_000777,2022-09-14,Sports,114.23,4,456.93,15.4,70.4,386.53,Regular,West,Online,3.3,False,9,Q3,Wednesday,False
TXN_000778,2022-03-09,Clothing,263.74,4,1054.97,11.0,116.19,938.78,Regular,West,Retail Store,3.6,True,3,Q1,Wednesday,False
TXN_000779,2022-07-03,Toys,73.05,3,219.16,5.7,12.47,206.7,Premium,East,Online,3.9,True,7,Q3,Sunday,True
TXN_000780,2022-07-08,Sports,373.14,4,1492.55,5.1,76.04,1416.51,Regular,South,Retail Store,3.9,False,7,Q3,Friday,False
TXN_000781,2022-08-21,Toys,51.06,5,255.29,1.4,3.6,251.69,Premium,North,Retail Store,4.0,True,8,Q3,Sunday,True
TXN_000782,2023-03-27,Electronics,1731.05,2,3462.11,20.3,701.91,2760.2,Regular,North,Mobile App,5.0,True,3,Q1,Monday,False
TXN_000783,2022-02-13,Electronics,610.32,1,610.32,0.5,3.06,607.26,Budget,North,Online,2.4,False,2,Q1,Sunday,True
TXN_000784,2023-12-18,Home & Garden,342.02,2,684.04,11.5,78.85,605.2,Regular,Central,Retail Store,2.8,False,12,Q4,Monday,False
TXN_000785,2023-08-22,Sports,211.91,1,211.91,11.8,24.99,186.92,Budget,East,Mobile App,2.7,True,8,Q3,Tuesday,False
TXN_000786,2022-11-05,Toys,80.51,1,80.51,22.3,17.98,62.53,Regular,West,Retail Store,3.9,False,11,Q4,Saturday,True
TXN_000787,2023-09-26,Clothing,274.05,3,822.15,7.4,60.9,761.25,Regular,South,Retail Store,3.3,False,9,Q3,Tuesday,False
TXN_000788,2022-08-06,Toys,78.36,7,548.54,11.8,64.5,484.04,Regular,West,Retail Store,3.0,False,8,Q3,Saturday,True
TXN_000789,2022-08-06,Electronics,847.33,2,1694.67,6.4,108.67,1586.0,Budget,East,Retail Store,4.0,True,8,Q3,Saturday,True
TXN_000790,2022-01-21,Books,68.52,6,411.09,13.8,56.63,354.47,Regular,Central,Mobile App,3.1,False,1,Q1,Friday,False
TXN_000791,2023-06-05,Electronics,276.9,2,553.8,17.6,97.46,456.34,Budget,North,Online,4.0,False,6,Q2,Monday,False
TXN_000792,2022-06-03,Home & Garden,431.4,1,431.4,8.1,35.11,396.29,Regular,Central,Retail Store,3.3,True,6,Q2,Friday,False
TXN_000793,2023-10-02,Clothing,325.04,2,650.08,20.8,135.26,514.82,Regular,North,Online,2.4,True,10,Q4,Monday,False
TXN_000794,2023-12-01,Beauty,32.4,4,129.6,6.8,8.83,120.78,Regular,North,Retail Store,2.6,False,12,Q4,Friday,False
TXN_000795,2023-09-29,Books,52.76,4,211.02,5.7,12.12,198.9,Budget,North,Retail Store,3.1,True,9,Q3,Friday,False
TXN_000796,2023-09-29,Books,89.6,4,358.42,29.9,107.31,251.11,Premium,East,Mobile App,5.0,False,9,Q3,Friday,False
TXN_000797,2023-03-14,Sports,92.24,2,184.49,8.0,14.77,169.72,Budget,East,Online,3.9,False,3,Q1,Tuesday,False
TXN_000798,2023-05-10,Beauty,164.06,2,328.13,16.8,55.2,272.93,Regular,North,Mobile App,3.6,True,5,Q2,Wednesday,False
TXN_000799,2023-06-25,Home & Garden,248.68,4,994.73,17.0,169.36,825.36,Budget,Central,Online,2.7,False,6,Q2,Sunday,True
TXN_000800,2023-01-28,Electronics,565.7,1,565.7,13.3,75.21,490.49,Budget,North,Retail Store,4.4,False,1,Q1,Saturday,True
TXN_000801,2022-01-23,Toys,85.5,5,427.48,3.9,16.84,410.64,Premium,South,Retail Store,3.4,True,1,Q1,Sunday,True
TXN_000802,2023-12-22,Toys,26.78,1,26.78,19.4,5.2,21.59,Regular,South,Mobile App,2.0,False,12,Q4,Friday,False
TXN_000803,2023-10-10,Books,53.3,4,213.2,21.0,44.87,168.33,Budget,Central,Online,3.6,True,10,Q4,Tuesday,False
TXN_000804,2023-06-26,Electronics,1222.99,1,1222.99,15.4,188.09,1034.91,Regular,South,Mobile App,4.3,False,6,Q2,Monday,False
TXN_000805,2022-10-15,Sports,119.39,4,477.56,9.2,44.05,433.51,Regular,West,Retail Store,3.5,False,10,Q4,Saturday,True
TXN_000806,2023-06-26,Toys,48.12,3,144.36,11.1,15.99,128.37,Regular,North,Retail Store,4.1,True,6,Q2,Monday,False
TXN_000807,2022-09-16,Home & Garden,301.64,1,301.64,22.8,68.72,232.92,Regular,East,Mobile App,3.5,True,9,Q3,Friday,False
TXN_000808,2023-08-13,Books,34.56,4,138.24,0.2,0.33,137.92,Budget,West,Retail Store,3.6,True,8,Q3,Sunday,True
TXN_000809,2022-03-18,Beauty,95.88,6,575.26,16.0,92.01,483.25,Regular,Central,Online,2.9,True,3,Q1,Friday,False
TXN_000810,2022-05-04,Books,22.42,6,134.51,2.4,3.23,131.28,Regular,South,Online,3.8,False,5,Q2,Wednesday,False
TXN_000811,2022-07-02,Books,57.58,6,345.5,12.9,44.61,300.89,Premium,South,Online,4.1,False,7,Q3,Saturday,True
TXN_000812,2022-03-13,Beauty,73.98,4,295.91,9.0,26.61,269.31,Premium,East,Retail Store,4.8,True,3,Q1,Sunday,True
TXN_000813,2023-05-07,Sports,291.69,1,291.69,18.7,54.57,237.11,Premium,West,Online,3.0,True,5,Q2,Sunday,True
TXN_000814,2023-03-21,Clothing,437.78,4,1751.11,17.8,312.28,1438.83,Premium,Central,Online,3.8,False,3,Q1,Tuesday,False
TXN_000815,2023-06-13,Clothing,62.99,7,440.92,10.7,47.38,393.54,Budget,Central,Mobile App,3.6,False,6,Q2,Tuesday,False
TXN_000816,2022-04-11,Toys,114.94,1,114.94,4.3,4.97,109.97,Regular,South,Retail Store,3.3,False,4,Q2,Monday,False
TXN_000817,2023-03-07,Toys,58.87,3,176.62,6.4,11.36,165.26,Budget,Central,Retail Store,2.0,False,3,Q1,Tuesday,False
TXN_000818,2022-11-04,Electronics,62.01,6,372.04,17.9,66.74,305.3,Budget,North,Online,3.4,False,11,Q4,Friday,False
TXN_000819,2022-11-21,Sports,214.81,4,859.22,21.6,185.8,673.42,Budget,East,Online,4.8,True,11,Q4,Monday,False
TXN_000820,2022-02-28,Home & Garden,247.63,3,742.88,10.3,76.49,666.39,Budget,South,Online,2.3,False,2,Q1,Monday,False
TXN_000821,2022-09-02,Books,102.31,3,306.92,5.2,15.82,291.1,Premium,West,Online,3.7,False,9,Q3,Friday,False
TXN_000822,2023-12-04,Toys,62.84,5,314.2,12.3,38.54,275.66,Budget,North,Retail Store,2.1,False,12,Q4,Monday,False
TXN_000823,2023-09-15,Sports,125.6,3,376.8,19.8,74.44,302.36,Budget,Central,Online,4.1,True,9,Q3,Friday,False
TXN_000824,2022-08-23,Sports,260.14,4,1040.56,15.2,158.53,882.03,Regular,North,Mobile App,2.8,True,8,Q3,Tuesday,False
TXN_000825,2023-01-16,Home & Garden,142.21,4,568.82,24.4,138.86,429.96,Budget,South,Mobile App,3.8,False,1,Q1,Monday,False
TXN_000826,2022-10-23,Books,52.76,7,369.32,3.4,12.42,356.9,Regular,South,Retail Store,2.2,False,10,Q4,Sunday,True
TXN_000827,2022-06-15,Clothing,118.42,1,118.42,9.9,11.67,106.75,Regular,East,Online,3.1,False,6,Q2,Wednesday,False
TXN_000828,2022-08-29,Electronics,528.04,1,528.04,22.7,119.61,408.43,Regular,East,Mobile App,4.1,True,8,Q3,Monday,False
TXN_000829,2023-06-17,Home & Garden,218.78,1,218.78,4.4,9.59,209.19,Regular,Central,Retail Store,3.6,False,6,Q2,Saturday,True
TXN_000830,2023-08-27,Toys,122.79,4,491.18,10.2,50.08,441.1,Regular,East,Retail Store,3.3,False,8,Q3,Sunday,True
TXN_000831,2023-12-14,Sports,226.02,1,226.02,15.6,35.17,190.85,Premium,North,Retail Store,3.3,False,12,Q4,Thursday,False
TXN_000832,2023-11-11,Electronics,274.79,4,1099.16,23.6,259.36,839.8,Budget,North,Online,2.5,False,11,Q4,Saturday,True
TXN_000833,2023-04-09,Toys,57.68,6,346.1,13.6,47.22,298.88,Budget,North,Mobile App,3.7,True,4,Q2,Sunday,True
TXN_000834,2023-10-28,Toys,81.25,2,162.51,30.0,48.74,113.77,Budget,South,Mobile App,4.1,True,10,Q4,Saturday,True
TXN_000835,2022-07-09,Toys,80.07,4,320.29,24.6,78.68,241.61,Budget,West,Online,3.9,False,7,Q3,Saturday,True
TXN_000836,2023-11-01,Books,51.8,3,155.39,35.4,54.99,100.41,Budget,North,Mobile App,3.1,True,11,Q4,Wednesday,False
TXN_000837,2022-08-09,Books,58.18,4,232.72,26.0,60.43,172.29,Regular,Central,Mobile App,4.6,True,8,Q3,Tuesday,False
TXN_000838,2023-04-15,Sports,105.11,2,210.21,5.2,11.01,199.2,Regular,South,Online,3.3,False,4,Q2,Saturday,True
TXN_000839,2022-09-06,Clothing,64.03,6,384.19,9.1,34.93,349.25,Regular,East,Online,3.6,False,9,Q3,Tuesday,False
TXN_000840,2023-05-29,Toys,15.56,1,15.56,3.3,0.52,15.04,Regular,North,Retail Store,4.1,True,5,Q2,Monday,False
TXN_000841,2023-05-18,Clothing,195.93,2,391.86,14.7,57.72,334.15,Regular,Central,Online,2.9,False,5,Q2,Thursday,False
TXN_000842,2022-06-11,Sports,47.53,5,237.64,16.1,38.15,199.49,Regular,East,Online,2.5,True,6,Q2,Saturday,True
TXN_000843,2022-08-09,Electronics,979.65,2,1959.3,14.1,276.89,1682.4,Budget,South,Retail Store,3.3,False,8,Q3,Tuesday,False
TXN_000844,2023-05-14,Home & Garden,230.62,1,230.62,3.2,7.34,223.28,Budget,West,Online,2.9,True,5,Q2,Sunday,True
TXN_000845,2022-02-01,Toys,75.73,1,75.73,1.8,1.39,74.34,Budget,West,Retail Store,3.9,False,2,Q1,Tuesday,False
TXN_000846,2022-06-24,Books,101.61,1,101.61,6.0,6.12,95.49,Premium,North,Online,3.7,True,6,Q2,Friday,False
TXN_000847,2023-08-01,Sports,213.57,1,213.57,14.3,30.48,183.09,Regular,South,Retail Store,4.3,True,8,Q3,Tuesday,False
TXN_000848,2022-09-22,Clothing,64.41,4,257.63,12.8,32.86,224.77,Regular,North,Retail Store,3.5,True,9,Q3,Thursday,False
TXN_000849,2022-03-18,Home & Garden,422.21,2,844.41,14.6,123.44,720.97,Premium,East,Online,4.0,False,3,Q1,Friday,False
TXN_000850,2022-11-28,Beauty,67.54,3,202.61,14.2,28.83,173.78,Budget,East,Retail Store,2.1,False,11,Q4,Monday,False
TXN_000851,2023-06-12,Beauty,195.14,1,195.14,4.3,8.38,186.77,Regular,West,Online,2.8,False,6,Q2,Monday,False
TXN_000852,2022-10-01,Toys,59.68,3,179.03,21.0,37.55,141.48,Budget,Central,Online,3.8,True,10,Q4,Saturday,True
TXN_000853,2022-12-20,Electronics,1234.64,2,2469.29,23.9,589.11,1880.18,Budget,Central,Online,4.6,True,12,Q4,Tuesday,False
TXN_000854,2023-07-27,Books,7.6,6,45.63,13.0,5.94,39.68,Budget,East,Mobile App,3.9,True,7,Q3,Thursday,False
TXN_000855,2022-05-12,Books,123.69,3,371.06,12.0,44.54,326.52,Premium,West,Online,4.6,True,5,Q2,Thursday,False
TXN_000856,2022-10-24,Electronics,1187.53,1,1187.53,20.5,243.25,944.28,Premium,East,Mobile App,5.0,True,10,Q4,Monday,False
TXN_000857,2022-10-09,Books,27.64,4,110.56,3.6,4.0,106.56,Budget,North,Retail Store,2.6,False,10,Q4,Sunday,True
TXN_000858,2022-05-02,Home & Garden,320.66,4,1282.62,9.4,121.14,1161.48,Premium,South,Online,3.8,False,5,Q2,Monday,False
TXN_000859,2023-12-29,Sports,109.72,4,438.87,17.5,76.85,362.01,Regular,East,Retail Store,3.4,True,12,Q4,Friday,False
TXN_000860,2022-11-15,Electronics,865.98,2,1731.96,32.0,553.53,1178.42,Budget,Central,Mobile App,3.9,True,11,Q4,Tuesday,False
TXN_000861,2023-12-24,Clothing,202.61,1,202.61,22.4,45.34,157.27,Budget,South,Online,3.2,True,12,Q4,Sunday,True
TXN_000862,2022-03-27,Books,46.76,7,327.32,2.8,9.09,318.23,Regular,North,Online,4.1,True,3,Q1,Sunday,True
TXN_000863,2022-11-05,Books,73.65,6,441.88,27.8,122.81,319.07,Regular,South,Online,4.4,True,11,Q4,Saturday,True
TXN_000864,2022-10-20,Sports,198.9,3,596.69,22.9,136.67,460.03,Regular,West,Mobile App,2.5,True,10,Q4,Thursday,False
TXN_000865,2023-02-24,Electronics,1793.14,2,3586.27,11.9,426.78,3159.49,Regular,North,Online,3.7,False,2,Q1,Friday,False
TXN_000866,2023-09-12,Books,10.98,7,76.84,10.4,8.02,68.81,Regular,Central,Retail Store,2.3,False,9,Q3,Tuesday,False
TXN_000867,2022-11-30,Books,11.82,2,23.64,8.8,2.07,21.58,Budget,South,Retail Store,1.7,False,11,Q4,Wednesday,False
TXN_000868,2023-10-18,Books,21.1,2,42.2,1.9,0.79,41.41,Budget,Central,Online,2.1,False,10,Q4,Wednesday,False
TXN_000869,2023-04-03,Home & Garden,535.85,4,2143.4,5.7,122.35,2021.04,Premium,West,Mobile App,5.0,False,4,Q2,Monday,False
TXN_000870,2023-09-10,Electronics,946.55,2,1893.1,11.5,217.02,1676.08,Regular,West,Retail Store,4.7,False,9,Q3,Sunday,True
TXN_000871,2023-12-21,Toys,121.11,3,363.33,7.9,28.7,334.63,Regular,South,Retail Store,3.4,True,12,Q4,Thursday,False
TXN_000872,2023-05-02,Electronics,1266.87,2,2533.74,20.6,522.78,2010.96,Regular,Central,Online,4.2,True,5,Q2,Tuesday,False
TXN_000873,2023-05-07,Sports,639.64,3,1918.93,16.6,317.8,1601.13,Premium,Central,Mobile App,5.0,False,5,Q2,Sunday,True
TXN_000874,2023-04-04,Electronics,856.9,1,856.9,0.7,5.71,851.18,Regular,West,Online,3.4,True,4,Q2,Tuesday,False
TXN_000875,2023-02-21,Toys,24.15,6,144.92,12.5,18.12,126.81,Premium,West,Retail Store,5.0,True,2,Q1,Tuesday,False
TXN_000876,2023-07-07,Sports,482.16,3,1446.48,0.3,3.74,1442.74,Premium,North,Online,4.1,True,7,Q3,Friday,False
TXN_000877,2023-04-27,Home & Garden,174.47,4,697.87,18.6,129.72,568.14,Budget,East,Online,1.6,False,4,Q2,Thursday,False
TXN_000878,2022-06-07,Clothing,54.25,3,162.75,2.6,4.17,158.58,Regular,East,Retail Store,2.5,False,6,Q2,Tuesday,False
TXN_000879,2023-10-14,Electronics,497.68,4,1990.74,15.2,301.6,1689.13,Regular,West,Online,3.1,True,10,Q4,Saturday,True
TXN_000880,2022-01-19,Books,92.94,1,92.94,20.2,18.76,74.19,Premium,East,Online,4.2,True,1,Q1,Wednesday,False
TXN_000881,2023-03-14,Clothing,335.4,1,335.4,11.2,37.6,297.79,Regular,Central,Online,1.8,False,3,Q1,Tuesday,False
TXN_000882,2023-07-01,Toys,194.13,2,388.26,8.7,33.96,354.3,Premium,East,Mobile App,4.2,True,7,Q3,Saturday,True
TXN_000883,2023-10-16,Home & Garden,133.33,3,399.99,5.0,19.91,380.08,Regular,South,Online,2.9,False,10,Q4,Monday,False
TXN_000884,2022-01-08,Electronics,1558.57,2,3117.14,0.3,10.35,3106.79,Regular,Central,Retail Store,3.4,False,1,Q1,Saturday,True
TXN_000885,2022-07-26,Beauty,153.25,1,153.25,24.6,37.74,115.52,Regular,North,Online,2.3,False,7,Q3,Tuesday,False
TXN_000886,2023-03-25,Clothing,271.16,4,1084.64,14.2,153.75,930.9,Regular,East,Retail Store,4.2,True,3,Q1,Saturday,True
TXN_000887,2023-11-28,Clothing,101.56,1,101.56,40.0,40.67,60.89,Regular,Central,Mobile App,3.3,True,11,Q4,Tuesday,False
TXN_000888,2022-08-19,Toys,110.33,3,330.99,1.3,4.34,326.65,Premium,South,Online,4.4,False,8,Q3,Friday,False
TXN_000889,2023-08-28,Beauty,19.89,1,19.89,23.3,4.64,15.26,Budget,Central,Online,3.3,False,8,Q3,Monday,False
TXN_000890,2022-06-21,Sports,157.37,5,786.86,8.4,65.91,720.96,Premium,West,Mobile App,3.9,False,6,Q2,Tuesday,False
TXN_000891,2023-04-22,Beauty,49.38,4,197.52,23.2,45.77,151.74,Regular,Central,Online,5.0,True,4,Q2,Saturday,True
TXN_000892,2023-09-27,Books,65.09,1,65.09,27.1,17.64,47.45,Regular,Central,Mobile App,4.3,True,9,Q3,Wednesday,False
TXN_000893,2022-06-19,Toys,47.98,5,239.88,19.8,47.61,192.27,Budget,West,Online,3.2,False,6,Q2,Sunday,True
TXN_000894,2023-03-31,Clothing,203.48,4,813.92,15.5,126.55,687.37,Regular,West,Online,2.7,False,3,Q1,Friday,False
TXN_000895,2023-10-17,Sports,106.31,3,318.94,22.0,70.02,248.92,Budget,West,Online,3.1,False,10,Q4,Tuesday,False
TXN_000896,2023-12-10,Beauty,163.79,3,491.36,20.8,102.12,389.25,Regular,West,Retail Store,4.3,True,12,Q4,Sunday,True
TXN_000897,2023-03-04,Toys,144.35,3,433.04,8.9,38.61,394.43,Regular,Central,Online,3.5,True,3,Q1,Saturday,True
TXN_000898,2023-04-16,Sports,175.78,4,703.1,8.1,57.17,645.94,Budget,West,Retail Store,3.3,False,4,Q2,Sunday,True
TXN_000899,2022-07-16,Sports,201.0,1,201.0,16.5,33.13,167.87,Budget,West,Online,2.7,True,7,Q3,Saturday,True
TXN_000900,2023-10-30,Clothing,55.81,3,167.44,8.4,14.14,153.29,Budget,North,Mobile App,2.2,False,10,Q4,Monday,False
TXN_000901,2023-09-09,Sports,110.46,3,331.38,0.0,0.07,331.31,Budget,West,Retail Store,2.2,False,9,Q3,Saturday,True
TXN_000902,2022-01-30,Clothing,212.98,1,212.98,16.0,34.09,178.89,Regular,East,Online,2.3,False,1,Q1,Sunday,True
TXN_000903,2022-02-16,Toys,137.54,1,137.54,21.2,29.17,108.37,Regular,East,Online,3.5,True,2,Q1,Wednesday,False
TXN_000904,2023-06-30,Sports,220.95,2,441.9,3.6,15.91,425.98,Regular,East,Retail Store,2.6,False,6,Q2,Friday,False
TXN_000905,2023-11-09,Sports,109.6,3,328.8,21.7,71.21,257.59,Regular,East,Retail Store,4.7,True,11,Q4,Thursday,False
TXN_000906,2022-01-13,Electronics,986.02,2,1972.03,3.2,63.22,1908.81,Regular,North,Retail Store,5.0,True,1,Q1,Thursday,False
TXN_000907,2023-11-29,Home & Garden,262.29,2,524.57,24.2,126.69,397.88,Regular,Central,Retail Store,3.5,False,11,Q4,Wednesday,False
TXN_000908,2022-10-02,Books,72.92,3,218.75,4.3,9.39,209.36,Regular,South,Online,4.2,True,10,Q4,Sunday,True
TXN_000909,2022-07-29,Beauty,40.11,2,80.23,14.8,11.91,68.31,Premium,South,Online,4.0,True,7,Q3,Friday,False
TXN_000910,2022-05-27,Sports,333.27,1,333.27,14.6,48.78,284.49,Budget,North,Online,2.4,False,5,Q2,Friday,False
TXN_000911,2022-04-11,Toys,60.83,4,243.31,24.1,58.57,184.74,Premium,South,Online,5.0,True,4,Q2,Monday,False
TXN_000912,2022-11-28,Books,29.38,1,29.38,25.3,7.43,21.96,Budget,North,Retail Store,3.5,False,11,Q4,Monday,False
TXN_000913,2022-03-27,Beauty,37.58,5,187.88,6.6,12.39,175.49,Budget,South,Mobile App,3.7,True,3,Q1,Sunday,True
TXN_000914,2022-06-14,Electronics,992.72,2,1985.43,25.8,512.34,1473.1,Budget,North,Mobile App,3.8,False,6,Q2,Tuesday,False
TXN_000915,2023-10-26,Clothing,217.91,1,217.91,2.0,4.36,213.56,Premium,West,Online,4.2,True,10,Q4,Thursday,False
TXN_000916,2023-12-26,Toys,93.91,7,657.38,11.6,76.49,580.88,Regular,South,Retail Store,3.7,False,12,Q4,Tuesday,False
TXN_000917,2022-11-21,Books,75.21,3,225.63,16.2,36.47,189.16,Regular,Central,Online,4.0,False,11,Q4,Monday,False
TXN_000918,2023-12-04,Electronics,2078.21,1,2078.21,17.1,355.94,1722.27,Premium,West,Online,4.6,True,12,Q4,Monday,False
TXN_000919,2023-11-08,Sports,136.99,1,136.99,16.6,22.79,114.21,Premium,East,Retail Store,4.5,True,11,Q4,Wednesday,False
TXN_000920,2022-08-20,Beauty,54.07,2,108.15,8.5,9.19,98.96,Budget,Central,Retail Store,3.1,False,8,Q3,Saturday,True
TXN_000921,2023-09-21,Clothing,410.99,1,410.99,4.9,19.94,391.04,Premium,North,Retail Store,3.0,True,9,Q3,Thursday,False
TXN_000922,2023-04-13,Toys,77.71,2,155.41,5.1,7.9,147.51,Regular,East,Retail Store,4.5,True,4,Q2,Thursday,False
TXN_000923,2023-01-09,Beauty,154.27,4,617.08,9.1,56.03,561.05,Regular,Central,Retail Store,3.9,True,1,Q1,Monday,False
TXN_000924,2023-08-13,Beauty,100.67,1,100.67,11.5,11.57,89.1,Budget,West,Online,2.5,True,8,Q3,Sunday,True
TXN_000925,2023-06-20,Beauty,48.87,7,342.12,14.6,49.9,292.22,Budget,East,Online,4.2,True,6,Q2,Tuesday,False
TXN_000926,2023-11-27,Books,6.48,2,12.96,19.3,2.5,10.46,Budget,Central,Retail Store,3.3,False,11,Q4,Monday,False
TXN_000927,2023-02-22,Home & Garden,178.49,1,178.49,6.1,10.93,167.56,Premium,Central,Mobile App,3.4,False,2,Q1,Wednesday,False
TXN_000928,2022-12-08,Sports,23.86,1,23.86,25.6,6.1,17.76,Budget,Central,Online,4.8,True,12,Q4,Thursday,False
TXN_000929,2022-02-15,Beauty,167.47,3,502.42,10.7,53.99,448.43,Regular,East,Retail Store,4.3,True,2,Q1,Tuesday,False
TXN_000930,2022-04-24,Sports,371.27,2,742.53,9.2,68.6,673.93,Premium,South,Mobile App,5.0,False,4,Q2,Sunday,True
TXN_000931,2023-09-13,Clothing,367.56,1,367.56,4.7,17.15,350.42,Regular,West,Retail Store,4.5,True,9,Q3,Wednesday,False
TXN_000932,2022-07-15,Beauty,116.44,3,349.31,8.1,28.13,321.18,Budget,West,Online,4.1,True,7,Q3,Friday,False
TXN_000933,2023-08-22,Sports,744.58,1,744.58,21.0,155.99,588.59,Premium,West,Mobile App,5.0,True,8,Q3,Tuesday,False
TXN_000934,2023-07-07,Beauty,240.28,2,480.57,20.8,99.8,380.77,Premium,South,Online,5.0,True,7,Q3,Friday,False
TXN_000935,2023-07-27,Home & Garden,404.93,3,1214.78,8.9,108.3,1106.48,Premium,East,Retail Store,3.9,False,7,Q3,Thursday,False
TXN_000936,2023-10-08,Electronics,380.1,4,1520.38,5.2,78.32,1442.06,Premium,South,Online,4.5,True,10,Q4,Sunday,True
TXN_000937,2022-06-29,Sports,397.65,1,397.65,19.5,77.69,319.96,Regular,West,Online,4.3,False,6,Q2,Wednesday,False
TXN_000938,2023-06-24,Clothing,145.24,4,580.96,5.1,29.56,551.4,Regular,South,Retail Store,3.2,False,6,Q2,Saturday,True
TXN_000939,2022-06-19,Beauty,172.52,2,345.05,23.9,82.3,262.75,Regular,West,Online,4.6,False,6,Q2,Sunday,True
TXN_000940,2022-04-23,Sports,181.35,4,725.42,10.2,73.82,651.59,Regular,East,Retail Store,4.5,True,4,Q2,Saturday,True
TXN_000941,2023-06-16,Electronics,1017.84,2,2035.67,9.7,198.08,1837.59,Regular,Central,Retail Store,4.6,True,6,Q2,Friday,False
TXN_000942,2022-01-11,Toys,9.86,4,39.45,6.9,2.71,36.74,Budget,South,Retail Store,2.6,False,1,Q1,Tuesday,False
TXN_000943,2023-07-30,Sports,331.42,4,1325.69,19.1,252.81,1072.87,Regular,West,Mobile App,3.3,True,7,Q3,Sunday,True
TXN_000944,2023-08-14,Home & Garden,283.56,1,283.56,2.4,6.87,276.68,Budget,North,Retail Store,4.4,True,8,Q3,Monday,False
TXN_000945,2022-06-10,Beauty,229.76,1,229.76,15.0,34.39,195.37,Premium,Central,Online,4.7,True,6,Q2,Friday,False
TXN_000946,2023-10-12,Books,65.64,4,262.54,21.8,57.27,205.27,Regular,West,Online,4.6,True,10,Q4,Thursday,False
TXN_000947,2023-11-09,Beauty,273.02,1,273.02,24.1,65.7,207.32,Premium,South,Online,4.1,False,11,Q4,Thursday,False
TXN_000948,2023-01-31,Clothing,236.56,2,473.12,11.4,53.95,419.17,Regular,South,Online,4.7,True,1,Q1,Tuesday,False
TXN_000949,2022-01-26,Sports,169.6,4,678.41,23.8,161.22,517.19,Budget,East,Online,3.8,False,1,Q1,Wednesday,False
TXN_000950,2023-02-11,Beauty,59.64,3,178.93,2.7,4.78,174.15,Budget,West,Retail Store,1.8,False,2,Q1,Saturday,True
TXN_000951,2023-05-17,Sports,907.42,1,907.42,12.5,113.8,793.62,Premium,East,Retail Store,4.4,False,5,Q2,Wednesday,False
TXN_000952,2022-09-25,Toys,16.32,1,16.32,18.9,3.08,13.24,Regular,Central,Online,2.9,False,9,Q3,Sunday,True
TXN_000953,2023-01-24,Electronics,456.44,1,456.44,12.8,58.56,397.88,Budget,West,Online,4.9,False,1,Q1,Tuesday,False
TXN_000954,2023-12-01,Electronics,327.28,3,981.84,20.1,197.58,784.26,Regular,South,Retail Store,3.6,False,12,Q4,Friday,False
TXN_000955,2023-05-29,Electronics,1448.44,2,2896.87,6.0,173.02,2723.85,Regular,Central,Online,4.4,True,5,Q2,Monday,False
TXN_000956,2022-03-03,Home & Garden,493.35,4,1973.38,10.7,211.21,1762.18,Regular,South,Online,4.2,False,3,Q1,Thursday,False
TXN_000957,2022-06-09,Electronics,1612.22,1,1612.22,10.2,164.26,1447.95,Regular,East,Retail Store,5.0,True,6,Q2,Thursday,False
TXN_000958,2023-02-16,Electronics,1441.83,1,1441.83,23.5,338.38,1103.45,Regular,Central,Online,4.0,False,2,Q1,Thursday,False
TXN_000959,2023-08-04,Clothing,130.57,4,522.27,4.6,24.2,498.07,Regular,North,Online,3.9,False,8,Q3,Friday,False
TXN_000960,2022-12-19,Home & Garden,105.32,3,315.97,16.6,52.36,263.61,Regular,Central,Online,3.9,True,12,Q4,Monday,False
TXN_000961,2023-04-07,Books,28.22,1,28.22,4.0,1.13,27.09,Budget,North,Retail Store,2.5,False,4,Q2,Friday,False
TXN_000962,2022-01-24,Home & Garden,391.06,1,391.06,8.9,34.63,356.43,Regular,East,Retail Store,3.4,False,1,Q1,Monday,False
TXN_000963,2023-05-30,Electronics,611.88,1,611.88,8.3,50.9,560.98,Premium,South,Retail Store,4.1,False,5,Q2,Tuesday,False
TXN_000964,2023-01-12,Beauty,53.11,4,212.46,6.2,13.17,199.29,Regular,East,Retail Store,4.5,False,1,Q1,Thursday,False
TXN_000965,2023-02-02,Beauty,303.97,1,303.97,19.9,60.5,243.46,Premium,East,Online,4.5,True,2,Q1,Thursday,False
TXN_000966,2022-10-15,Books,28.23,3,84.69,8.0,6.77,77.93,Budget,Central,Retail Store,1.9,False,10,Q4,Saturday,True
TXN_000967,2023-12-18,Home & Garden,452.24,3,1356.72,23.1,313.73,1042.99,Regular,East,Mobile App,4.8,False,12,Q4,Monday,False
TXN_000968,2022-06-25,Books,96.73,3,290.2,10.4,30.07,260.13,Premium,West,Online,3.4,True,6,Q2,Saturday,True
TXN_000969,2022-12-08,Books,45.94,4,183.78,21.3,39.22,144.56,Regular,South,Retail Store,3.0,False,12,Q4,Thursday,False
TXN_000970,2022-10-06,Toys,92.67,1,92.67,24.7,22.93,69.75,Budget,West,Online,2.6,True,10,Q4,Thursday,False
TXN_000971,2023-01-07,Toys,118.12,3,354.35,3.7,12.94,341.41,Regular,North,Online,2.7,True,1,Q1,Saturday,True
TXN_000972,2023-08-07,Sports,434.86,4,1739.42,29.4,511.61,1227.81,Regular,Central,Mobile App,2.9,False,8,Q3,Monday,False
TXN_000973,2022-09-30,Toys,149.53,4,598.14,12.3,73.6,524.54,Regular,Central,Retail Store,4.1,True,9,Q3,Friday,False
TXN_000974,2022-04-24,Sports,310.84,3,932.51,10.0,93.51,839.0,Regular,Central,Retail Store,4.9,True,4,Q2,Sunday,True
TXN_000975,2022-11-22,Beauty,156.45,4,625.8,16.0,100.12,525.68,Premium,Central,Mobile App,5.0,False,11,Q4,Tuesday,False
TXN_000976,2023-06-13,Toys,59.19,5,295.95,13.6,40.14,255.81,Regular,East,Retail Store,3.5,False,6,Q2,Tuesday,False
TXN_000977,2022-08-23,Toys,61.78,3,185.35,10.7,19.87,165.49,Regular,West,Online,3.7,True,8,Q3,Tuesday,False
TXN_000978,2023-08-16,Beauty,171.06,2,342.13,10.7,36.77,305.36,Regular,North,Retail Store,4.2,True,8,Q3,Wednesday,False
TXN_000979,2022-08-09,Home & Garden,488.61,2,977.21,11.4,111.66,865.56,Regular,East,Retail Store,4.7,True,8,Q3,Tuesday,False
TXN_000980,2022-06-20,Books,62.67,1,62.67,8.7,5.45,57.22,Regular,East,Online,3.6,False,6,Q2,Monday,False
TXN_000981,2022-09-14,Clothing,54.48,2,108.96,13.0,14.17,94.79,Regular,East,Online,3.9,False,9,Q3,Wednesday,False
TXN_000982,2023-10-26,Home & Garden,57.96,2,115.93,19.5,22.65,93.28,Regular,Central,Mobile App,4.2,False,10,Q4,Thursday,False
TXN_000983,2022-06-17,Clothing,20.35,5,101.77,4.5,4.55,97.22,Budget,West,Retail Store,4.0,True,6,Q2,Friday,False
TXN_000984,2022-06-04,Electronics,1059.52,1,1059.52,25.3,268.26,791.26,Regular,West,Mobile App,3.5,False,6,Q2,Saturday,True
TXN_000985,2022-08-01,Sports,342.46,3,1027.38,8.1,83.16,944.22,Regular,East,Retail Store,4.5,True,8,Q3,Monday,False
TXN_000986,2023-10-25,Books,35.04,3,105.13,2.4,2.52,102.61,Budget,South,Online,2.6,True,10,Q4,Wednesday,False
TXN_000987,2022-11-05,Toys,49.99,1,49.99,22.6,11.3,38.69,Budget,North,Online,2.6,False,11,Q4,Saturday,True
TXN_000988,2022-05-13,Toys,58.63,1,58.63,21.1,12.37,46.25,Budget,West,Online,3.2,False,5,Q2,Friday,False
TXN_000989,2023-01-24,Clothing,153.33,3,459.99,4.1,18.93,441.06,Budget,North,Online,4.6,True,1,Q1,Tuesday,False
TXN_000990,2022-04-22,Beauty,86.38,7,604.63,15.0,90.89,513.73,Regular,West,Online,4.0,True,4,Q2,Friday,False
TXN_000991,2022-06-30,Beauty,50.65,4,202.62,20.6,41.8,160.82,Budget,East,Online,3.4,False,6,Q2,Thursday,False
TXN_000992,2022-10-16,Toys,33.84,2,67.69,3.9,2.63,65.06,Premium,West,Retail Store,3.6,False,10,Q4,Sunday,True
TXN_000993,2022-10-28,Home & Garden,159.14,1,159.14,13.8,21.92,137.22,Regular,Central,Retail Store,3.3,False,10,Q4,Friday,False
TXN_000994,2023-12-21,Toys,133.24,1,133.24,18.4,24.55,108.69,Regular,South,Online,3.7,False,12,Q4,Thursday,False
TXN_000995,2022-06-12,Beauty,190.32,1,190.32,8.7,16.58,173.74,Premium,Central,Online,3.5,True,6,Q2,Sunday,True
TXN_000996,2023-03-29,Electronics,1352.07,2,2704.15,23.8,642.6,2061.55,Premium,Central,Online,4.2,False,3,Q1,Wednesday,False
TXN_000997,2022-07-28,Sports,836.14,1,836.14,1.9,15.86,820.28,Premium,East,Online,5.0,True,7,Q3,Thursday,False
TXN_000998,2022-07-28,Sports,139.91,2,279.82,5.9,16.6,263.22,Regular,South,Retail Store,5.0,True,7,Q3,Thursday,False
TXN_000999,2023-03-04,Toys,141.48,3,424.43,6.3,26.64,397.79,Regular,South,Retail Store,4.3,True,3,Q1,Saturday,True
TXN_001000,2022-11-25,Beauty,196.51,3,589.53,18.4,108.41,481.11,Premium,West,Online,3.7,False,11,Q4,Friday,False
TXN_001001,2022-07-10,Sports,117.44,2,234.87,21.1,49.63,185.24,Regular,West,Mobile App,4.1,False,7,Q3,Sunday,True
TXN_001002,2023-03-02,Home & Garden,228.89,1,228.89,17.3,39.52,189.36,Budget,West,Online,4.5,True,3,Q1,Thursday,False
TXN_001003,2023-08-26,Home & Garden,22.52,2,45.05,8.8,3.97,41.08,Budget,East,Online,3.7,False,8,Q3,Saturday,True
TXN_001004,2022-07-28,Beauty,17.61,2,35.23,3.3,1.18,34.05,Budget,East,Online,2.4,False,7,Q3,Thursday,False
TXN_001005,2023-05-17,Home & Garden,110.81,2,221.62,6.0,13.19,208.43,Regular,Central,Retail Store,3.8,True,5,Q2,Wednesday,False
TXN_001006,2023-01-01,Beauty,140.54,2,281.08,19.3,54.28,226.8,Premium,West,Online,3.5,True,1,Q1,Sunday,True
TXN_001007,2022-10-17,Toys,61.6,1,61.6,6.2,3.79,57.81,Budget,West,Online,3.9,False,10,Q4,Monday,False
TXN_001008,2023-09-11,Books,54.14,1,54.14,2.9,1.55,52.59,Budget,South,Retail Store,4.0,True,9,Q3,Monday,False
TXN_001009,2023-03-07,Books,37.28,5,186.38,29.9,55.66,130.72,Regular,East,Mobile App,2.3,False,3,Q1,Tuesday,False
TXN_001010,2022-03-05,Sports,227.76,2,455.52,23.4,106.63,348.89,Regular,South,Online,3.4,True,3,Q1,Saturday,True
TXN_001011,2022-06-27,Books,43.85,1,43.85,19.6,8.58,35.27,Regular,South,Online,4.7,True,6,Q2,Monday,False
TXN_001012,2022-08-09,Sports,428.56,1,428.56,13.8,59.26,369.31,Premium,South,Retail Store,3.3,False,8,Q3,Tuesday,False
TXN_001013,2022-10-22,Clothing,364.76,2,729.52,8.0,58.01,671.52,Regular,South,Mobile App,4.7,True,10,Q4,Saturday,True
TXN_001014,2022-02-13,Books,37.22,6,223.3,9.7,21.76,201.54,Budget,Central,Retail Store,1.9,False,2,Q1,Sunday,True
TXN_001015,2022-08-16,Clothing,228.36,2,456.73,7.8,35.74,420.99,Regular,West,Online,3.3,False,8,Q3,Tuesday,False
TXN_001016,2022-01-13,Books,41.54,2,83.08,6.9,5.71,77.37,Regular,East,Online,3.5,True,1,Q1,Thursday,False
TXN_001017,2022-07-14,Sports,207.28,2,414.56,15.0,62.27,352.29,Regular,East,Mobile App,2.9,True,7,Q3,Thursday,False
TXN_001018,2023-01-26,Sports,122.39,4,489.54,5.3,25.88,463.66,Budget,West,Retail Store,3.2,False,1,Q1,Thursday,False
TXN_001019,2023-06-14,Beauty,174.04,2,348.08,4.1,14.19,333.88,Regular,South,Retail Store,2.3,True,6,Q2,Wednesday,False
TXN_001020,2023-01-30,Home & Garden,390.79,1,390.79,4.1,15.92,374.88,Regular,Central,Online,3.7,False,1,Q1,Monday,False
TXN_001021,2023-06-22,Beauty,64.66,4,258.63,18.2,46.98,211.65,Premium,West,Online,3.8,False,6,Q2,Thursday,False
TXN_001022,2022-11-25,Toys,79.71,7,557.99,24.1,134.31,423.68,Premium,West,Retail Store,4.9,True,11,Q4,Friday,False
TXN_001023,2022-11-30,Toys,70.31,1,70.31,32.1,22.58,47.74,Budget,West,Online,3.5,True,11,Q4,Wednesday,False
TXN_001024,2023-06-13,Electronics,1725.48,1,1725.48,5.3,91.99,1633.49,Premium,North,Retail Store,5.0,False,6,Q2,Tuesday,False
TXN_001025,2023-04-25,Beauty,256.83,3,770.5,13.3,102.75,667.75,Premium,East,Online,4.7,True,4,Q2,Tuesday,False
TXN_001026,2023-02-02,Toys,14.88,4,59.53,6.0,3.59,55.94,Regular,North,Mobile App,2.7,False,2,Q1,Thursday,False
TXN_001027,2022-12-14,Clothing,188.12,4,752.49,8.0,60.35,692.14,Regular,North,Online,3.6,False,12,Q4,Wednesday,False
TXN_001028,2022-06-15,Home & Garden,464.73,1,464.73,24.6,114.43,350.31,Regular,East,Mobile App,2.4,True,6,Q2,Wednesday,False
TXN_001029,2023-10-06,Clothing,272.0,4,1087.98,12.4,135.17,952.81,Regular,East,Retail Store,2.9,True,10,Q4,Friday,False
TXN_001030,2023-06-23,Clothing,212.63,3,637.88,4.1,26.28,611.6,Regular,East,Retail Store,3.8,False,6,Q2,Friday,False
TXN_001031,2022-12-15,Clothing,313.17,2,626.33,19.2,120.45,505.88,Premium,West,Mobile App,2.7,True,12,Q4,Thursday,False
TXN_001032,2022-10-11,Electronics,1335.16,2,2670.31,14.0,372.85,2297.46,Premium,North,Mobile App,5.0,True,10,Q4,Tuesday,False
TXN_001033,2022-12-02,Books,65.11,6,390.65,12.5,48.83,341.81,Regular,Central,Retail Store,4.0,True,12,Q4,Friday,False
TXN_001034,2022-03-12,Electronics,1492.28,1,1492.28,14.0,209.12,1283.16,Budget,Central,Online,3.8,False,3,Q1,Saturday,True
TXN_001035,2023-05-20,Electronics,829.75,2,1659.5,4.3,71.72,1587.77,Budget,North,Retail Store,3.2,False,5,Q2,Saturday,True
TXN_001036,2023-06-14,Electronics,688.26,2,1376.52,11.7,160.76,1215.77,Premium,North,Retail Store,4.1,False,6,Q2,Wednesday,False
TXN_001037,2022-06-07,Electronics,1488.09,2,2976.18,7.0,207.56,2768.62,Regular,Central,Online,3.0,True,6,Q2,Tuesday,False
TXN_001038,2023-07-14,Toys,67.76,4,271.06,11.9,32.29,238.77,Premium,West,Retail Store,5.0,False,7,Q3,Friday,False
TXN_001039,2023-06-24,Electronics,118.0,4,472.0,14.5,68.22,403.79,Regular,East,Retail Store,3.3,False,6,Q2,Saturday,True
TXN_001040,2023-01-07,Beauty,12.98,7,90.84,2.2,2.04,88.8,Budget,East,Retail Store,3.6,True,1,Q1,Saturday,True
TXN_001041,2022-04-18,Electronics,689.32,1,689.32,18.3,126.13,563.19,Regular,Central,Mobile App,5.0,True,4,Q2,Monday,False
TXN_001042,2023-10-30,Clothing,270.3,1,270.3,5.7,15.37,254.93,Budget,North,Online,4.6,True,10,Q4,Monday,False
TXN_001043,2023-04-16,Toys,120.17,1,120.17,2.0,2.43,117.74,Regular,Central,Retail Store,3.4,False,4,Q2,Sunday,True
TXN_001044,2023-01-21,Electronics,944.31,2,1888.62,4.2,78.47,1810.15,Regular,South,Online,3.0,False,1,Q1,Saturday,True
TXN_001045,2022-07-21,Sports,457.23,1,457.23,5.0,22.88,434.35,Regular,Central,Mobile App,4.1,True,7,Q3,Thursday,False
TXN_001046,2023-09-21,Sports,129.13,2,258.25,12.5,32.21,226.04,Budget,East,Retail Store,3.5,False,9,Q3,Thursday,False
TXN_001047,2023-09-09,Sports,273.51,2,547.03,14.5,79.25,467.78,Regular,Central,Online,3.0,False,9,Q3,Saturday,True
TXN_001048,2023-11-25,Toys,143.44,2,286.89,24.1,69.05,217.84,Regular,North,Retail Store,3.7,False,11,Q4,Saturday,True
TXN_001049,2022-01-14,Electronics,1706.47,1,1706.47,23.3,398.19,1308.28,Regular,West,Online,3.8,False,1,Q1,Friday,False
TXN_001050,2023-09-06,Electronics,598.93,2,1197.86,7.3,88.02,1109.84,Budget,West,Retail Store,3.6,True,9,Q3,Wednesday,False
TXN_001051,2023-01-30,Beauty,160.89,1,160.89,0.2,0.29,160.6,Premium,South,Retail Store,4.1,True,1,Q1,Monday,False
TXN_001052,2022-12-27,Sports,288.27,3,864.8,25.8,223.09,641.72,Regular,North,Retail Store,4.2,False,12,Q4,Tuesday,False
TXN_001053,2022-08-08,Books,62.4,1,62.4,7.9,4.94,57.46,Budget,Central,Mobile App,2.7,False,8,Q3,Monday,False
TXN_001054,2022-02-08,Home & Garden,243.79,1,243.79,7.7,18.72,225.06,Budget,Central,Retail Store,5.0,True,2,Q1,Tuesday,False
TXN_001055,2023-01-13,Sports,79.57,6,477.41,9.1,43.58,433.83,Regular,North,Retail Store,3.0,False,1,Q1,Friday,False
TXN_001056,2022-06-22,Sports,126.19,4,504.77,9.8,49.49,455.28,Budget,East,Mobile App,3.5,True,6,Q2,Wednesday,False
TXN_001057,2022-05-12,Beauty,38.87,7,272.06,0.3,0.86,271.2,Regular,East,Retail Store,3.8,False,5,Q2,Thursday,False
TXN_001058,2022-01-24,Toys,117.37,2,234.74,11.4,26.67,208.07,Regular,North,Retail Store,3.3,True,1,Q1,Monday,False
TXN_001059,2022-10-23,Toys,32.6,4,130.39,23.0,30.02,100.38,Regular,East,Mobile App,4.6,True,10,Q4,Sunday,True
TXN_001060,2023-12-23,Home & Garden,219.7,4,878.79,16.6,146.31,732.48,Budget,West,Online,2.0,False,12,Q4,Saturday,True
TXN_001061,2023-07-12,Electronics,763.24,2,1526.48,2.4,35.95,1490.53,Budget,South,Online,3.6,False,7,Q3,Wednesday,False
TXN_001062,2022-01-27,Clothing,71.86,7,503.02,20.5,103.26,399.76,Regular,East,Online,2.8,False,1,Q1,Thursday,False
TXN_001063,2023-04-07,Beauty,90.08,4,360.31,9.4,33.79,326.52,Budget,North,Retail Store,3.2,False,4,Q2,Friday,False
TXN_001064,2022-02-15,Toys,87.48,2,174.96,15.6,27.33,147.63,Regular,Central,Online,2.7,False,2,Q1,Tuesday,False
TXN_001065,2023-11-21,Books,69.83,4,279.33,22.6,63.23,216.1,Regular,South,Online,2.8,True,11,Q4,Tuesday,False
TXN_001066,2023-07-01,Electronics,275.12,3,825.35,5.9,48.49,776.86,Regular,South,Retail Store,1.0,False,7,Q3,Saturday,True
TXN_001067,2022-06-26,Home & Garden,217.19,2,434.38,3.6,15.8,418.58,Regular,North,Retail Store,3.7,True,6,Q2,Sunday,True
TXN_001068,2023-03-13,Toys,116.77,2,233.54,7.1,16.48,217.06,Regular,South,Retail Store,2.6,False,3,Q1,Monday,False
TXN_001069,2022-05-15,Beauty,167.82,4,671.28,0.5,3.12,668.16,Premium,North,Online,2.8,False,5,Q2,Sunday,True
TXN_001070,2023-07-09,Home & Garden,365.78,1,365.78,9.0,32.81,332.97,Regular,East,Retail Store,4.5,True,7,Q3,Sunday,True
TXN_001071,2023-07-17,Clothing,111.74,4,446.95,7.6,33.87,413.08,Regular,East,Retail Store,3.4,False,7,Q3,Monday,False
TXN_001072,2022-10-30,Toys,72.79,5,363.94,13.5,49.3,314.64,Budget,Central,Online,4.6,True,10,Q4,Sunday,True
TXN_001073,2023-06-19,Clothing,153.51,4,614.05,2.9,17.84,596.2,Budget,Central,Retail Store,4.0,True,6,Q2,Monday,False
TXN_001074,2022-06-29,Sports,213.25,3,639.75,19.5,124.85,514.9,Regular,East,Mobile App,4.2,False,6,Q2,Wednesday,False
TXN_001075,2023-10-20,Electronics,74.7,7,522.88,7.6,39.99,482.88,Regular,Central,Retail Store,4.5,True,10,Q4,Friday,False
TXN_001076,2022-07-21,Sports,151.25,1,151.25,24.8,37.55,113.71,Premium,North,Mobile App,3.3,False,7,Q3,Thursday,False
TXN_001077,2023-06-05,Clothing,68.78,6,412.71,12.9,53.08,359.62,Regular,East,Online,2.8,False,6,Q2,Monday,False
TXN_001078,2023-10-13,Beauty,31.36,4,125.44,9.0,11.3,114.14,Regular,North,Online,2.6,False,10,Q4,Friday,False
TXN_001079,2023-03-18,Sports,171.04,4,684.18,14.6,100.06,584.12,Regular,West,Online,4.5,False,3,Q1,Saturday,True
TXN_001080,2023-11-26,Electronics,2865.34,1,2865.34,35.6,1019.08,1846.26,Premium,Central,Online,4.6,True,11,Q4,Sunday,True
TXN_001081,2023-02-19,Beauty,178.38,3,535.13,8.9,47.41,487.72,Regular,South,Mobile App,3.7,True,2,Q1,Sunday,True
TXN_001082,2022-09-28,Books,67.44,3,202.33,18.1,36.63,165.7,Regular,South,Online,4.7,False,9,Q3,Wednesday,False
TXN_001083,2023-03-04,Toys,137.16,2,274.31,11.9,32.77,241.54,Regular,South,Online,3.7,True,3,Q1,Saturday,True
TXN_001084,2022-09-12,Electronics,256.85,2,513.69,29.3,150.75,362.94,Budget,North,Mobile App,4.9,True,9,Q3,Monday,False
TXN_001085,2022-07-12,Electronics,907.32,1,907.32,2.5,22.65,884.67,Regular,West,Retail Store,3.9,False,7,Q3,Tuesday,False
TXN_001086,2022-02-19,Beauty,92.15,4,368.62,2.1,7.85,360.76,Regular,South,Retail Store,3.1,False,2,Q1,Saturday,True
TXN_001087,2023-05-12,Clothing,160.08,2,320.15,11.5,36.74,283.41,Budget,South,Retail Store,2.7,False,5,Q2,Friday,False
TXN_001088,2023-06-21,Books,53.58,6,321.5,9.0,28.91,292.6,Regular,West,Retail Store,2.8,True,6,Q2,Wednesday,False
TXN_001089,2022-10-18,Electronics,48.76,6,292.54,9.1,26.7,265.85,Regular,West,Online,4.8,False,10,Q4,Tuesday,False
TXN_001090,2023-11-12,Toys,75.07,3,225.21,26.0,58.48,166.73,Regular,East,Online,4.7,False,11,Q4,Sunday,True
TXN_001091,2023-10-19,Books,51.7,6,310.21,19.2,59.65,250.56,Budget,East,Mobile App,2.9,True,10,Q4,Thursday,False
TXN_001092,2022-08-19,Electronics,1465.4,1,1465.4,13.3,195.28,1270.12,Regular,West,Mobile App,3.1,False,8,Q3,Friday,False
TXN_001093,2022-06-01,Electronics,2300.22,1,2300.22,1.0,24.14,2276.09,Premium,South,Online,4.4,True,6,Q2,Wednesday,False
TXN_001094,2023-11-12,Toys,88.81,5,444.03,15.4,68.28,375.75,Regular,West,Online,4.5,True,11,Q4,Sunday,True
TXN_001095,2022-01-23,Toys,146.87,6,881.23,5.2,45.75,835.48,Premium,West,Retail Store,3.5,False,1,Q1,Sunday,True
TXN_001096,2023-09-18,Home & Garden,380.55,4,1522.19,21.5,327.26,1194.94,Budget,East,Mobile App,2.7,False,9,Q3,Monday,False
TXN_001097,2023-03-19,Toys,70.62,4,282.46,14.9,41.96,240.5,Regular,South,Mobile App,4.2,True,3,Q1,Sunday,True
TXN_001098,2023-06-21,Beauty,149.85,3,449.54,7.2,32.56,416.98,Regular,North,Online,2.7,True,6,Q2,Wednesday,False
TXN_001099,2023-02-17,Beauty,18.74,1,18.74,6.4,1.19,17.55,Regular,Central,Retail Store,3.2,False,2,Q1,Friday,False
TXN_001100,2023-06-15,Clothing,95.69,2,191.38,11.5,22.09,169.28,Budget,East,Online,2.4,False,6,Q2,Thursday,False
TXN_001101,2023-01-09,Home & Garden,261.9,4,1047.59,1.2,12.94,1034.65,Regular,East,Retail Store,3.3,False,1,Q1,Monday,False
TXN_001102,2022-07-05,Clothing,198.46,1,198.46,19.9,39.53,158.93,Regular,South,Online,2.3,False,7,Q3,Tuesday,False
TXN_001103,2022-01-03,Beauty,71.2,2,142.41,3.2,4.6,137.81,Regular,Central,Retail Store,4.6,True,1,Q1,Monday,False
TXN_001104,2023-05-04,Toys,18.7,1,18.7,21.0,3.92,14.77,Regular,North,Mobile App,3.9,True,5,Q2,Thursday,False
TXN_001105,2022-11-07,Electronics,1701.47,1,1701.47,23.2,394.0,1307.47,Regular,North,Retail Store,4.3,True,11,Q4,Monday,False
TXN_001106,2023-10-08,Books,120.67,3,362.0,1.1,3.86,358.15,Premium,East,Retail Store,5.0,False,10,Q4,Sunday,True
TXN_001107,2023-12-26,Beauty,110.4,2,220.8,12.0,26.46,194.35,Budget,Central,Retail Store,1.7,False,12,Q4,Tuesday,False
TXN_001108,2022-06-15,Home & Garden,438.09,4,1752.38,14.3,250.52,1501.86,Premium,South,Retail Store,3.6,False,6,Q2,Wednesday,False
TXN_001109,2022-12-05,Sports,137.07,2,274.13,15.9,43.45,230.68,Regular,East,Retail Store,3.3,False,12,Q4,Monday,False
TXN_001110,2023-11-21,Home & Garden,39.08,7,273.57,28.6,78.13,195.44,Premium,Central,Mobile App,3.5,False,11,Q4,Tuesday,False
TXN_001111,2023-06-28,Clothing,92.93,3,278.78,29.8,82.99,195.79,Regular,West,Mobile App,3.2,False,6,Q2,Wednesday,False
TXN_001112,2022-02-21,Sports,287.09,4,1148.34,17.0,195.76,952.59,Premium,West,Mobile App,5.0,True,2,Q1,Monday,False
TXN_001113,2022-12-23,Books,44.37,1,44.37,21.2,9.41,34.96,Budget,West,Online,2.9,False,12,Q4,Friday,False
TXN_001114,2023-12-06,Sports,120.27,4,481.06,13.7,65.75,415.31,Regular,Central,Mobile App,3.6,False,12,Q4,Wednesday,False
TXN_001115,2023-07-29,Books,19.8,5,99.02,5.4,5.31,93.71,Regular,West,Retail Store,3.4,True,7,Q3,Saturday,True
TXN_001116,2022-09-21,Home & Garden,482.09,2,964.18,8.3,80.28,883.9,Regular,West,Retail Store,3.5,False,9,Q3,Wednesday,False
TXN_001117,2022-04-11,Sports,165.71,4,662.85,6.3,41.71,621.14,Budget,East,Retail Store,2.7,False,4,Q2,Monday,False
TXN_001118,2023-03-17,Clothing,104.06,2,208.13,29.8,62.05,146.07,Regular,West,Mobile App,3.9,False,3,Q1,Friday,False
TXN_001119,2022-06-16,Books,32.3,1,32.3,4.1,1.33,30.97,Regular,Central,Retail Store,3.6,False,6,Q2,Thursday,False
TXN_001120,2022-12-12,Clothing,26.74,5,133.72,17.4,23.22,110.51,Regular,Central,Retail Store,2.4,True,12,Q4,Monday,False
TXN_001121,2023-08-21,Toys,74.65,1,74.65,10.9,8.16,66.49,Regular,Central,Online,4.1,False,8,Q3,Monday,False
TXN_001122,2022-10-27,Toys,143.1,2,286.2,3.6,10.24,275.96,Regular,East,Online,2.9,False,10,Q4,Thursday,False
TXN_001123,2022-12-08,Clothing,81.81,1,81.81,26.8,21.94,59.87,Budget,West,Retail Store,3.4,False,12,Q4,Thursday,False
TXN_001124,2023-02-16,Beauty,102.8,2,205.59,7.4,15.23,190.36,Premium,North,Mobile App,3.9,False,2,Q1,Thursday,False
TXN_001125,2023-01-01,Clothing,274.46,4,1097.85,14.3,156.47,941.38,Premium,East,Retail Store,3.6,False,1,Q1,Sunday,True
TXN_001126,2022-03-23,Beauty,75.88,2,151.76,21.3,32.3,119.46,Regular,South,Online,2.5,True,3,Q1,Wednesday,False
TXN_001127,2023-07-06,Electronics,355.71,4,1422.83,12.8,182.81,1240.02,Regular,Central,Retail Store,4.0,False,7,Q3,Thursday,False
TXN_001128,2023-10-13,Home & Garden,131.76,1,131.76,10.7,14.13,117.63,Regular,East,Mobile App,3.2,False,10,Q4,Friday,False
TXN_001129,2022-04-14,Books,8.3,4,33.21,18.1,6.02,27.2,Budget,North,Online,2.5,True,4,Q2,Thursday,False
TXN_001130,2023-03-13,Sports,322.86,1,322.86,10.6,34.14,288.72,Premium,Central,Retail Store,5.0,True,3,Q1,Monday,False
TXN_001131,2023-10-21,Home & Garden,574.25,1,574.25,6.5,37.36,536.89,Premium,South,Retail Store,5.0,True,10,Q4,Saturday,True
TXN_001132,2022-12-16,Beauty,116.15,1,116.15,14.5,16.84,99.31,Budget,South,Retail Store,3.0,False,12,Q4,Friday,False
TXN_001133,2023-12-16,Electronics,2032.79,2,4065.59,24.6,1000.13,3065.46,Regular,West,Mobile App,3.7,False,12,Q4,Saturday,True
TXN_001134,2023-10-03,Sports,82.07,2,164.14,7.4,12.19,151.95,Regular,West,Mobile App,4.4,True,10,Q4,Tuesday,False
TXN_001135,2022-03-11,Books,75.96,7,531.75,19.4,103.24,428.51,Regular,West,Online,3.8,False,3,Q1,Friday,False
TXN_001136,2022-10-08,Books,21.6,5,107.98,18.1,19.5,88.48,Budget,East,Online,1.7,False,10,Q4,Saturday,True
TXN_001137,2023-09-10,Clothing,47.92,3,143.75,3.4,4.94,138.82,Budget,South,Retail Store,3.3,True,9,Q3,Sunday,True
TXN_001138,2023-05-30,Sports,106.88,2,213.75,6.0,12.74,201.01,Budget,Central,Mobile App,4.1,True,5,Q2,Tuesday,False
TXN_001139,2023-09-26,Electronics,712.26,2,1424.53,1.6,22.32,1402.2,Premium,South,Retail Store,5.0,True,9,Q3,Tuesday,False
TXN_001140,2023-12-16,Sports,233.78,4,935.13,22.6,211.7,723.44,Regular,East,Retail Store,3.7,True,12,Q4,Saturday,True
TXN_001141,2022-01-17,Clothing,46.6,1,46.6,7.0,3.27,43.33,Premium,South,Online,5.0,False,1,Q1,Monday,False
TXN_001142,2022-03-24,Sports,115.49,2,230.98,9.7,22.36,208.62,Budget,South,Online,4.6,True,3,Q1,Thursday,False
TXN_001143,2023-04-17,Books,58.62,3,175.85,8.8,15.51,160.34,Regular,North,Mobile App,4.5,True,4,Q2,Monday,False
TXN_001144,2023-05-27,Clothing,35.73,1,35.73,21.4,7.65,28.08,Budget,South,Mobile App,1.9,False,5,Q2,Saturday,True
TXN_001145,2022-01-05,Electronics,566.32,2,1132.63,3.8,43.14,1089.49,Budget,East,Retail Store,2.9,False,1,Q1,Wednesday,False
TXN_001146,2022-08-24,Clothing,29.49,4,117.96,4.9,5.75,112.21,Regular,South,Retail Store,4.2,True,8,Q3,Wednesday,False
TXN_001147,2022-11-29,Home & Garden,106.88,3,320.63,23.0,73.66,246.97,Budget,East,Mobile App,2.9,False,11,Q4,Tuesday,False
TXN_001148,2023-06-03,Clothing,162.68,4,650.72,9.9,64.58,586.14,Budget,Central,Retail Store,4.0,False,6,Q2,Saturday,True
TXN_001149,2023-01-05,Books,23.82,3,71.46,2.0,1.44,70.02,Budget,South,Online,2.6,False,1,Q1,Thursday,False
TXN_001150,2023-10-03,Books,21.39,2,42.77,5.9,2.53,40.24,Regular,West,Retail Store,4.1,False,10,Q4,Tuesday,False
TXN_001151,2023-03-26,Toys,180.12,2,360.25,6.2,22.21,338.04,Premium,West,Online,4.5,True,3,Q1,Sunday,True
TXN_001152,2023-08-31,Clothing,80.9,2,161.79,19.0,30.69,131.1,Budget,South,Online,3.1,False,8,Q3,Thursday,False
TXN_001153,2023-07-27,Clothing,128.32,4,513.29,12.7,65.38,447.91,Premium,North,Retail Store,4.9,True,7,Q3,Thursday,False
TXN_001154,2023-09-09,Toys,45.56,7,318.95,2.1,6.6,312.36,Budget,East,Retail Store,4.5,True,9,Q3,Saturday,True
TXN_001155,2023-10-01,Toys,29.84,7,208.86,26.9,56.24,152.62,Premium,East,Mobile App,3.8,False,10,Q4,Sunday,True
TXN_001156,2023-05-02,Clothing,208.79,2,417.57,22.4,93.47,324.1,Regular,South,Online,3.5,True,5,Q2,Tuesday,False
TXN_001157,2023-10-06,Home & Garden,59.05,3,177.14,22.7,40.16,136.98,Regular,South,Mobile App,2.8,False,10,Q4,Friday,False
TXN_001158,2023-07-31,Toys,10.24,2,20.48,15.8,3.23,17.25,Budget,West,Online,3.1,False,7,Q3,Monday,False
TXN_001159,2022-06-15,Books,127.29,7,891.04,4.2,37.51,853.53,Premium,North,Online,5.0,False,6,Q2,Wednesday,False
TXN_001160,2023-11-16,Sports,164.63,1,164.63,13.9,22.82,141.81,Budget,South,Retail Store,3.2,False,11,Q4,Thursday,False
TXN_001161,2022-05-25,Toys,38.17,4,152.66,8.3,12.64,140.02,Budget,Central,Retail Store,2.4,False,5,Q2,Wednesday,False
TXN_001162,2023-03-04,Books,77.45,2,154.9,13.7,21.21,133.68,Regular,West,Online,2.9,False,3,Q1,Saturday,True
TXN_001163,2023-02-23,Sports,154.79,4,619.15,11.5,71.41,547.73,Regular,West,Retail Store,3.2,False,2,Q1,Thursday,False
TXN_001164,2023-12-17,Sports,163.3,3,489.89,24.8,121.61,368.28,Regular,East,Mobile App,3.7,True,12,Q4,Sunday,True
TXN_001165,2022-03-09,Beauty,28.31,6,169.86,7.3,12.41,157.45,Regular,East,Online,3.6,False,3,Q1,Wednesday,False
TXN_001166,2022-12-02,Books,17.93,4,71.73,38.5,27.61,44.12,Budget,West,Mobile App,4.4,False,12,Q4,Friday,False
TXN_001167,2023-04-30,Home & Garden,479.36,4,1917.45,16.1,308.5,1608.96,Regular,West,Online,3.9,False,4,Q2,Sunday,True
TXN_001168,2023-08-13,Beauty,90.95,2,181.89,28.5,51.84,130.05,Regular,East,Mobile App,4.2,True,8,Q3,Sunday,True
TXN_001169,2023-02-09,Clothing,73.34,2,146.68,9.0,13.2,133.48,Regular,South,Mobile App,2.7,True,2,Q1,Thursday,False
TXN_001170,2022-10-14,Toys,123.72,4,494.89,3.6,17.79,477.1,Regular,West,Retail Store,3.8,False,10,Q4,Friday,False
TXN_001171,2023-03-29,Books,62.98,2,125.96,0.3,0.37,125.59,Regular,North,Online,4.2,True,3,Q1,Wednesday,False
TXN_001172,2023-09-06,Beauty,122.36,1,122.36,23.0,28.08,94.28,Regular,South,Mobile App,3.6,False,9,Q3,Wednesday,False
TXN_001173,2022-01-10,Beauty,188.97,4,755.9,23.1,174.57,581.32,Regular,East,Mobile App,3.3,False,1,Q1,Monday,False
TXN_001174,2023-03-13,Toys,146.81,3,440.43,12.5,55.12,385.31,Premium,North,Retail Store,4.1,True,3,Q1,Monday,False
TXN_001175,2022-05-12,Sports,364.49,4,1457.94,7.7,112.06,1345.88,Regular,West,Retail Store,3.1,False,5,Q2,Thursday,False
TXN_001176,2022-09-18,Beauty,136.32,2,272.64,3.0,8.17,264.47,Budget,East,Online,4.0,False,9,Q3,Sunday,True
TXN_001177,2022-11-06,Sports,77.46,2,154.91,15.6,24.15,130.77,Regular,Central,Mobile App,3.3,False,11,Q4,Sunday,True
TXN_001178,2022-09-16,Electronics,694.97,2,1389.95,14.1,196.56,1193.39,Budget,South,Retail Store,3.3,True,9,Q3,Friday,False
TXN_001179,2023-09-15,Clothing,212.23,1,212.23,13.6,28.85,183.38,Premium,East,Online,2.5,False,9,Q3,Friday,False
TXN_001180,2022-09-19,Books,65.7,1,65.7,7.9,5.21,60.49,Premium,East,Online,2.3,False,9,Q3,Monday,False
TXN_001181,2023-12-03,Beauty,154.52,1,154.52,14.4,22.24,132.28,Budget,North,Mobile App,3.5,False,12,Q4,Sunday,True
TXN_001182,2023-08-04,Beauty,65.52,1,65.52,10.9,7.14,58.38,Regular,East,Retail Store,3.4,False,8,Q3,Friday,False
TXN_001183,2022-06-04,Sports,112.39,2,224.79,3.5,7.8,216.99,Budget,Central,Online,2.4,False,6,Q2,Saturday,True
TXN_001184,2023-01-10,Books,32.46,3,97.39,24.1,23.51,73.87,Budget,South,Online,3.3,True,1,Q1,Tuesday,False
TXN_001185,2022-12-26,Clothing,27.96,4,111.86,20.6,23.06,88.8,Regular,West,Retail Store,2.1,True,12,Q4,Monday,False
TXN_001186,2022-11-16,Toys,74.13,1,74.13,8.3,6.15,67.98,Regular,North,Online,4.2,False,11,Q4,Wednesday,False
TXN_001187,2022-08-31,Beauty,21.92,2,43.85,6.5,2.83,41.01,Budget,Central,Mobile App,2.5,True,8,Q3,Wednesday,False
TXN_001188,2022-12-27,Clothing,179.79,4,719.17,25.2,181.15,538.02,Regular,Central,Retail Store,4.3,True,12,Q4,Tuesday,False
TXN_001189,2023-12-05,Sports,29.65,2,59.31,34.5,20.44,38.87,Regular,East,Online,3.3,True,12,Q4,Tuesday,False
TXN_001190,2023-11-21,Clothing,86.04,3,258.11,12.7,32.72,225.39,Regular,East,Retail Store,3.6,False,11,Q4,Tuesday,False
TXN_001191,2022-01-12,Books,51.81,1,51.81,0.1,0.06,51.75,Premium,North,Online,3.8,True,1,Q1,Wednesday,False
TXN_001192,2023-11-22,Books,110.08,4,440.33,28.3,124.64,315.69,Premium,South,Mobile App,4.8,True,11,Q4,Wednesday,False
TXN_001193,2023-09-03,Toys,15.68,6,94.07,10.9,10.21,83.86,Budget,South,Online,2.6,True,9,Q3,Sunday,True
TXN_001194,2023-04-13,Electronics,379.77,3,1139.32,14.6,166.19,973.13,Regular,West,Mobile App,3.8,False,4,Q2,Thursday,False
TXN_001195,2023-01-29,Clothing,20.15,2,40.31,4.2,1.71,38.6,Regular,Central,Online,3.4,False,1,Q1,Sunday,True
TXN_001196,2022-05-30,Toys,31.0,7,217.03,2.2,4.79,212.24,Budget,Central,Retail Store,3.2,False,5,Q2,Monday,False
TXN_001197,2023-06-14,Electronics,618.61,2,1237.22,6.3,77.33,1159.89,Budget,North,Retail Store,2.6,True,6,Q2,Wednesday,False
TXN_001198,2023-03-01,Electronics,774.93,2,1549.87,18.9,293.64,1256.22,Regular,North,Online,3.5,False,3,Q1,Wednesday,False
TXN_001199,2022-12-01,Sports,100.99,2,201.99,25.8,52.12,149.87,Regular,South,Online,4.8,True,12,Q4,Thursday,False
TXN_001200,2023-09-28,Home & Garden,408.88,1,408.88,13.3,54.4,354.48,Regular,North,Retail Store,5.0,True,9,Q3,Thursday,False
TXN_001201,2023-03-08,Home & Garden,452.84,4,1811.38,13.9,250.96,1560.42,Regular,East,Online,3.8,False,3,Q1,Wednesday,False
TXN_001202,2022-07-18,Electronics,897.16,1,897.16,24.6,221.14,676.02,Budget,North,Online,3.7,True,7,Q3,Monday,False
TXN_001203,2023-06-24,Beauty,68.42,1,68.42,23.3,15.93,52.49,Budget,West,Online,2.0,False,6,Q2,Saturday,True
TXN_001204,2022-11-29,Toys,61.95,2,123.89,31.0,38.37,85.52,Budget,East,Online,2.6,True,11,Q4,Tuesday,False
TXN_001205,2023-08-06,Home & Garden,252.97,4,1011.86,5.2,52.13,959.74,Premium,Central,Retail Store,3.9,False,8,Q3,Sunday,True
TXN_001206,2022-06-22,Home & Garden,254.21,1,254.21,11.8,30.01,224.2,Regular,North,Retail Store,2.8,False,6,Q2,Wednesday,False
TXN_001207,2022-11-28,Beauty,36.68,1,36.68,19.0,6.95,29.73,Premium,Central,Online,4.3,False,11,Q4,Monday,False
TXN_001208,2022-06-23,Beauty,44.67,1,44.67,23.3,10.4,34.27,Regular,East,Online,4.1,True,6,Q2,Thursday,False
TXN_001209,2022-04-20,Home & Garden,332.63,3,997.9,12.1,120.35,877.55,Premium,North,Retail Store,4.3,False,4,Q2,Wednesday,False
TXN_001210,2023-12-23,Clothing,70.08,3,210.25,8.6,18.03,192.22,Budget,North,Online,4.7,False,12,Q4,Saturday,True
TXN_001211,2023-11-22,Beauty,80.28,4,321.1,7.3,23.31,297.79,Regular,West,Retail Store,3.0,False,11,Q4,Wednesday,False
TXN_001212,2023-03-10,Electronics,1613.67,1,1613.67,22.0,354.66,1259.02,Premium,North,Mobile App,2.6,False,3,Q1,Friday,False
TXN_001213,2023-06-11,Sports,487.96,1,487.96,6.5,31.62,456.34,Regular,Central,Retail Store,4.2,False,6,Q2,Sunday,True
TXN_001214,2022-02-11,Books,85.23,7,596.59,10.9,64.81,531.78,Premium,South,Retail Store,3.7,False,2,Q1,Friday,False
TXN_001215,2022-09-09,Books,73.3,2,146.61,7.5,11.03,135.58,Regular,South,Retail Store,3.5,True,9,Q3,Friday,False
TXN_001216,2023-11-10,Toys,113.58,2,227.16,31.8,72.31,154.85,Regular,West,Online,1.9,False,11,Q4,Friday,False
TXN_001217,2022-12-31,Beauty,63.89,1,63.89,18.7,11.94,51.94,Budget,East,Retail Store,2.9,False,12,Q4,Saturday,True
TXN_001218,2022-04-17,Books,52.5,5,262.51,0.8,2.19,260.32,Budget,East,Online,2.9,False,4,Q2,Sunday,True
TXN_001219,2023-01-25,Home & Garden,98.16,1,98.16,1.1,1.03,97.13,Budget,South,Retail Store,3.9,False,1,Q1,Wednesday,False
TXN_001220,2023-03-18,Toys,67.27,2,134.55,8.8,11.78,122.77,Budget,West,Retail Store,2.7,True,3,Q1,Saturday,True
TXN_001221,2023-04-09,Toys,30.31,6,181.88,25.9,47.1,134.77,Regular,Central,Mobile App,4.3,True,4,Q2,Sunday,True
TXN_001222,2022-04-28,Toys,159.87,4,639.49,0.2,1.59,637.9,Premium,South,Retail Store,4.6,False,4,Q2,Thursday,False
TXN_001223,2022-11-26,Books,41.95,7,293.67,27.9,81.82,211.85,Budget,Central,Retail Store,2.0,False,11,Q4,Saturday,True
TXN_001224,2023-01-15,Clothing,68.07,4,272.29,22.1,60.19,212.1,Budget,Central,Online,2.5,False,1,Q1,Sunday,True
TXN_001225,2022-07-04,Electronics,741.37,2,1482.74,2.5,36.53,1446.21,Regular,East,Retail Store,2.5,True,7,Q3,Monday,False
TXN_001226,2022-01-09,Beauty,41.42,5,207.08,4.9,10.21,196.86,Budget,West,Retail Store,3.3,False,1,Q1,Sunday,True
TXN_001227,2023-07-03,Sports,271.14,2,542.29,5.2,28.11,514.18,Budget,Central,Retail Store,2.6,True,7,Q3,Monday,False
TXN_001228,2023-09-02,Sports,412.9,2,825.79,7.9,65.54,760.25,Premium,South,Mobile App,4.2,True,9,Q3,Saturday,True
TXN_001229,2023-09-16,Books,24.43,1,24.43,1.8,0.44,23.99,Regular,South,Retail Store,2.8,False,9,Q3,Saturday,True
TXN_001230,2022-11-19,Home & Garden,195.28,2,390.56,7.9,31.03,359.53,Budget,East,Retail Store,2.3,False,11,Q4,Saturday,True
TXN_001231,2022-06-30,Sports,196.63,1,196.63,4.8,9.51,187.12,Budget,West,Retail Store,2.4,False,6,Q2,Thursday,False
TXN_001232,2022-09-14,Electronics,444.04,3,1332.12,12.9,171.44,1160.68,Premium,North,Retail Store,5.0,False,9,Q3,Wednesday,False
TXN_001233,2023-03-31,Electronics,936.35,2,1872.71,8.5,158.79,1713.92,Regular,South,Retail Store,3.2,True,3,Q1,Friday,False
TXN_001234,2023-10-27,Books,24.82,4,99.28,2.8,2.74,96.54,Budget,East,Online,3.5,True,10,Q4,Friday,False
TXN_001235,2022-10-31,Books,96.91,2,193.81,19.0,36.9,156.91,Premium,Central,Mobile App,3.1,False,10,Q4,Monday,False
TXN_001236,2023-08-27,Home & Garden,280.73,4,1122.93,12.7,142.55,980.38,Budget,West,Retail Store,4.2,True,8,Q3,Sunday,True
TXN_001237,2022-10-02,Toys,61.57,1,61.57,10.0,6.16,55.4,Budget,South,Retail Store,2.4,False,10,Q4,Sunday,True
TXN_001238,2023-07-29,Sports,338.91,1,338.91,18.9,64.09,274.82,Budget,East,Online,2.6,False,7,Q3,Saturday,True
TXN_001239,2023-11-23,Toys,82.18,1,82.18,22.9,18.81,63.36,Regular,West,Retail Store,3.4,True,11,Q4,Thursday,False
TXN_001240,2022-06-14,Toys,57.56,7,402.92,16.5,66.66,336.26,Regular,South,Mobile App,2.8,False,6,Q2,Tuesday,False
TXN_001241,2023-11-10,Beauty,33.51,7,234.58,20.1,47.23,187.36,Regular,South,Online,3.7,False,11,Q4,Friday,False
TXN_001242,2023-07-29,Books,64.24,3,192.71,19.1,36.78,155.92,Budget,Central,Mobile App,2.6,True,7,Q3,Saturday,True
TXN_001243,2022-06-17,Beauty,81.01,6,486.04,20.7,100.81,385.23,Regular,North,Mobile App,3.5,False,6,Q2,Friday,False
TXN_001244,2022-03-08,Electronics,843.76,2,1687.51,15.7,264.38,1423.13,Premium,East,Mobile App,4.1,True,3,Q1,Tuesday,False
TXN_001245,2023-12-22,Home & Garden,382.62,4,1530.47,28.5,436.08,1094.39,Premium,East,Mobile App,5.0,True,12,Q4,Friday,False
TXN_001246,2022-06-02,Toys,121.4,1,121.4,8.4,10.21,111.19,Regular,East,Retail Store,2.9,False,6,Q2,Thursday,False
TXN_001247,2023-04-04,Books,112.76,5,563.81,15.7,88.78,475.02,Premium,East,Mobile App,3.9,True,4,Q2,Tuesday,False
TXN_001248,2022-07-23,Sports,278.2,4,1112.79,26.9,298.8,813.99,Budget,South,Mobile App,4.6,False,7,Q3,Saturday,True
TXN_001249,2022-09-25,Toys,127.91,1,127.91,6.0,7.63,120.28,Regular,Central,Online,3.5,False,9,Q3,Sunday,True
TXN_001250,2023-12-22,Toys,119.96,3,359.87,27.5,99.02,260.85,Premium,South,Retail Store,3.7,True,12,Q4,Friday,False
TXN_001251,2023-08-26,Electronics,426.96,2,853.91,24.8,212.06,641.85,Budget,East,Online,4.8,True,8,Q3,Saturday,True
TXN_001252,2023-10-18,Beauty,100.24,2,200.49,17.8,35.64,164.85,Budget,South,Mobile App,3.5,False,10,Q4,Wednesday,False
TXN_001253,2022-12-13,Sports,274.76,3,824.28,9.1,74.83,749.45,Regular,East,Retail Store,4.5,False,12,Q4,Tuesday,False
TXN_001254,2023-09-18,Clothing,343.86,1,343.86,6.0,20.7,323.16,Regular,East,Retail Store,3.6,True,9,Q3,Monday,False
TXN_001255,2022-03-25,Sports,316.22,4,1264.86,14.5,183.62,1081.24,Premium,West,Retail Store,3.1,False,3,Q1,Friday,False
TXN_001256,2022-01-07,Home & Garden,474.73,1,474.73,24.4,116.03,358.7,Regular,South,Online,2.2,True,1,Q1,Friday,False
TXN_001257,2022-11-16,Toys,86.91,6,521.47,27.5,143.39,378.08,Regular,West,Online,4.1,True,11,Q4,Wednesday,False
TXN_001258,2023-04-27,Home & Garden,418.51,3,1255.54,10.3,128.91,1126.63,Premium,South,Mobile App,3.6,False,4,Q2,Thursday,False
TXN_001259,2023-02-11,Books,106.13,2,212.27,7.7,16.24,196.02,Premium,South,Retail Store,3.5,False,2,Q1,Saturday,True
TXN_001260,2022-03-07,Toys,72.7,3,218.11,18.9,41.28,176.84,Regular,North,Online,4.2,True,3,Q1,Monday,False
TXN_001261,2022-06-04,Beauty,95.42,4,381.67,19.8,75.6,306.07,Budget,South,Online,2.7,True,6,Q2,Saturday,True
TXN_001262,2023-07-09,Home & Garden,321.96,3,965.87,13.5,130.27,835.6,Budget,South,Retail Store,5.0,False,7,Q3,Sunday,True
TXN_001263,2023-03-20,Electronics,442.16,3,1326.49,4.7,62.87,1263.62,Regular,South,Online,3.4,True,3,Q1,Monday,False
TXN_001264,2023-11-14,Home & Garden,150.3,4,601.2,17.9,107.66,493.54,Budget,South,Online,3.0,False,11,Q4,Tuesday,False
TXN_001265,2023-10-25,Home & Garden,368.89,2,737.79,8.3,61.29,676.5,Regular,North,Retail Store,3.8,False,10,Q4,Wednesday,False
TXN_001266,2023-06-20,Clothing,196.89,4,787.57,3.8,29.84,757.73,Regular,Central,Retail Store,3.1,False,6,Q2,Tuesday,False
TXN_001267,2022-08-22,Toys,148.49,1,148.49,8.0,11.83,136.66,Premium,South,Mobile App,3.9,True,8,Q3,Monday,False
TXN_001268,2023-10-16,Clothing,135.85,4,543.39,14.5,78.92,464.47,Regular,North,Retail Store,3.2,False,10,Q4,Monday,False
TXN_001269,2023-07-20,Toys,126.3,2,252.6,20.9,52.88,199.72,Budget,Central,Online,2.8,False,7,Q3,Thursday,False
TXN_001270,2023-08-10,Beauty,116.85,1,116.85,14.5,16.92,99.93,Budget,East,Online,4.4,True,8,Q3,Thursday,False
TXN_001271,2023-10-26,Beauty,128.48,4,513.91,19.1,98.01,415.9,Regular,South,Online,3.2,False,10,Q4,Thursday,False
TXN_001272,2022-03-08,Electronics,1100.4,2,2200.8,11.8,260.68,1940.12,Regular,South,Online,3.1,False,3,Q1,Tuesday,False
TXN_001273,2022-11-16,Electronics,2352.81,1,2352.81,15.1,354.21,1998.6,Regular,North,Retail Store,3.2,False,11,Q4,Wednesday,False
TXN_001274,2022-12-08,Clothing,146.76,2,293.51,31.2,91.57,201.94,Regular,East,Online,4.0,True,12,Q4,Thursday,False
TXN_001275,2022-05-13,Home & Garden,358.42,2,716.84,9.1,65.11,651.73,Premium,North,Retail Store,4.1,True,5,Q2,Friday,False
TXN_001276,2023-01-18,Home & Garden,427.16,2,854.32,12.3,105.48,748.84,Regular,South,Retail Store,3.8,False,1,Q1,Wednesday,False
TXN_001277,2022-12-09,Electronics,2475.79,1,2475.79,17.3,427.73,2048.06,Regular,North,Online,3.8,False,12,Q4,Friday,False
TXN_001278,2023-10-02,Sports,225.13,4,900.54,19.1,171.71,728.83,Regular,Central,Online,4.2,True,10,Q4,Monday,False
TXN_001279,2022-09-04,Toys,113.07,2,226.13,14.7,33.35,192.78,Budget,North,Retail Store,3.4,False,9,Q3,Sunday,True
TXN_001280,2023-07-27,Beauty,105.86,3,317.58,4.2,13.42,304.17,Regular,North,Online,3.5,False,7,Q3,Thursday,False
TXN_001281,2023-12-03,Books,55.92,4,223.68,27.2,60.95,162.73,Premium,North,Retail Store,3.9,False,12,Q4,Sunday,True
TXN_001282,2023-06-13,Clothing,149.72,2,299.45,22.0,65.87,233.58,Budget,North,Online,2.0,False,6,Q2,Tuesday,False
TXN_001283,2022-05-09,Toys,77.11,3,231.32,14.3,33.06,198.27,Budget,North,Online,2.3,False,5,Q2,Monday,False
TXN_001284,2023-03-15,Home & Garden,495.36,1,495.36,11.1,55.02,440.34,Regular,South,Retail Store,4.6,True,3,Q1,Wednesday,False
TXN_001285,2023-07-31,Electronics,340.9,3,1022.7,8.2,84.3,938.4,Regular,South,Online,3.8,False,7,Q3,Monday,False
TXN_001286,2023-11-04,Toys,74.79,3,224.38,19.5,43.81,180.56,Budget,South,Mobile App,3.5,True,11,Q4,Saturday,True
TXN_001287,2022-09-17,Clothing,374.1,2,748.21,3.1,23.55,724.66,Premium,East,Retail Store,4.9,False,9,Q3,Saturday,True
TXN_001288,2023-06-11,Electronics,1309.21,1,1309.21,5.2,67.65,1241.56,Premium,East,Retail Store,4.4,True,6,Q2,Sunday,True
TXN_001289,2023-03-04,Clothing,227.79,4,911.15,21.4,195.26,715.89,Budget,Central,Online,3.5,False,3,Q1,Saturday,True
TXN_001290,2023-02-04,Toys,14.14,7,98.98,14.5,14.39,84.59,Premium,South,Retail Store,4.1,True,2,Q1,Saturday,True
TXN_001291,2022-08-12,Home & Garden,269.92,3,809.75,10.2,82.76,726.99,Premium,Central,Online,4.9,True,8,Q3,Friday,False
TXN_001292,2022-01-19,Toys,146.26,4,585.04,26.6,155.72,429.31,Regular,East,Mobile App,3.9,True,1,Q1,Wednesday,False
TXN_001293,2023-11-03,Books,114.25,1,114.25,25.5,29.18,85.07,Premium,East,Mobile App,3.3,False,11,Q4,Friday,False
TXN_001294,2022-10-15,Clothing,55.31,2,110.63,1.9,2.15,108.48,Budget,West,Online,2.3,False,10,Q4,Saturday,True
TXN_001295,2022-08-14,Electronics,592.8,1,592.8,22.8,135.12,457.67,Budget,Central,Online,2.3,False,8,Q3,Sunday,True
TXN_001296,2022-07-09,Home & Garden,364.48,1,364.48,7.5,27.38,337.1,Regular,South,Retail Store,3.0,False,7,Q3,Saturday,True
TXN_001297,2023-12-29,Electronics,121.14,1,121.14,14.2,17.18,103.96,Regular,West,Retail Store,3.9,True,12,Q4,Friday,False
TXN_001298,2022-07-11,Sports,525.28,4,2101.13,8.0,167.95,1933.18,Premium,South,Retail Store,4.2,True,7,Q3,Monday,False
TXN_001299,2022-11-11,Clothing,168.08,3,504.23,14.9,75.1,429.13,Premium,Central,Retail Store,2.7,True,11,Q4,Friday,False
TXN_001300,2022-10-26,Clothing,234.62,1,234.62,15.9,37.21,197.41,Regular,Central,Mobile App,4.1,True,10,Q4,Wednesday,False
TXN_001301,2022-08-09,Books,49.94,2,99.88,2.8,2.83,97.05,Regular,North,Retail Store,3.8,True,8,Q3,Tuesday,False
TXN_001302,2023-12-30,Toys,54.56,7,381.93,12.9,49.36,332.57,Regular,South,Online,4.2,True,12,Q4,Saturday,True
TXN_001303,2022-07-28,Toys,26.96,2,53.92,19.8,10.66,43.26,Regular,West,Online,2.6,False,7,Q3,Thursday,False
TXN_001304,2023-09-12,Sports,344.9,3,1034.7,29.3,302.67,732.03,Premium,South,Mobile App,2.3,False,9,Q3,Tuesday,False
TXN_001305,2022-05-03,Toys,118.89,2,237.78,15.1,35.99,201.79,Regular,South,Online,3.6,False,5,Q2,Tuesday,False
TXN_001306,2023-11-30,Sports,110.53,2,221.06,12.0,26.61,194.45,Regular,West,Retail Store,2.6,False,11,Q4,Thursday,False
TXN_001307,2023-12-20,Clothing,102.91,2,205.82,21.0,43.23,162.59,Regular,West,Retail Store,3.5,False,12,Q4,Wednesday,False
TXN_001308,2023-10-04,Books,46.14,6,276.82,21.4,59.21,217.61,Regular,West,Mobile App,3.2,False,10,Q4,Wednesday,False
TXN_001309,2023-03-20,Toys,127.61,3,382.83,24.6,94.03,288.8,Regular,West,Online,2.5,False,3,Q1,Monday,False
TXN_001310,2023-11-09,Sports,47.71,2,95.41,25.8,24.65,70.76,Regular,Central,Online,4.7,True,11,Q4,Thursday,False
TXN_001311,2022-12-02,Clothing,211.42,3,634.26,16.3,103.52,530.74,Regular,Central,Mobile App,2.8,True,12,Q4,Friday,False
TXN_001312,2022-12-16,Sports,206.37,3,619.1,8.9,55.34,563.75,Regular,Central,Retail Store,5.0,True,12,Q4,Friday,False
TXN_001313,2022-03-26,Sports,135.19,3,405.58,5.4,22.08,383.5,Budget,Central,Online,3.7,True,3,Q1,Saturday,True
TXN_001314,2022-10-20,Sports,203.25,1,203.25,6.3,12.73,190.51,Regular,West,Retail Store,3.6,False,10,Q4,Thursday,False
TXN_001315,2023-12-02,Home & Garden,316.23,2,632.47,19.2,121.22,511.25,Regular,Central,Retail Store,3.9,False,12,Q4,Saturday,True
TXN_001316,2023-01-22,Books,25.37,4,101.46,2.0,1.98,99.48,Budget,North,Retail Store,4.0,False,1,Q1,Sunday,True
TXN_001317,2023-06-04,Books,45.26,5,226.31,4.0,9.07,217.23,Regular,Central,Online,2.8,True,6,Q2,Sunday,True
TXN_001318,2022-06-29,Beauty,55.05,5,275.25,22.9,63.09,212.16,Regular,East,Mobile App,3.6,False,6,Q2,Wednesday,False
TXN_001319,2022-06-19,Toys,64.27,2,128.54,13.8,17.75,110.8,Regular,South,Online,3.0,False,6,Q2,Sunday,True
TXN_001320,2023-05-19,Books,43.31,6,259.87,16.3,42.31,217.57,Regular,West,Mobile App,4.9,True,5,Q2,Friday,False
TXN_001321,2023-09-01,Home & Garden,569.37,4,2277.47,12.4,282.32,1995.15,Premium,North,Retail Store,4.2,True,9,Q3,Friday,False
TXN_001322,2023-02-12,Electronics,1156.02,2,2312.03,1.4,33.49,2278.54,Budget,East,Retail Store,3.7,True,2,Q1,Sunday,True
TXN_001323,2022-05-30,Electronics,819.32,1,819.32,2.5,20.26,799.06,Budget,East,Retail Store,3.0,True,5,Q2,Monday,False
TXN_001324,2022-08-04,Toys,110.06,1,110.06,4.0,4.36,105.7,Regular,South,Online,3.3,True,8,Q3,Thursday,False
TXN_001325,2022-03-18,Toys,105.77,2,211.54,11.4,24.07,187.47,Regular,South,Online,3.0,True,3,Q1,Friday,False
TXN_001326,2023-11-06,Home & Garden,374.59,1,374.59,24.5,91.94,282.66,Regular,West,Retail Store,3.0,False,11,Q4,Monday,False
TXN_001327,2023-05-06,Sports,434.18,2,868.35,8.4,72.76,795.6,Budget,South,Retail Store,3.8,False,5,Q2,Saturday,True
TXN_001328,2023-01-23,Beauty,137.07,3,411.2,5.6,22.9,388.29,Regular,Central,Online,2.4,True,1,Q1,Monday,False
TXN_001329,2023-02-03,Toys,134.28,2,268.56,10.4,27.8,240.76,Regular,West,Mobile App,4.6,False,2,Q1,Friday,False
TXN_001330,2022-09-06,Electronics,1312.38,1,1312.38,28.4,372.69,939.7,Regular,Central,Mobile App,4.2,True,9,Q3,Tuesday,False
TXN_001331,2023-06-12,Books,40.23,1,40.23,8.2,3.3,36.93,Budget,East,Online,3.0,True,6,Q2,Monday,False
TXN_001332,2022-05-22,Toys,179.62,3,538.86,18.6,100.2,438.66,Premium,East,Online,5.0,False,5,Q2,Sunday,True
TXN_001333,2022-12-12,Home & Garden,352.98,1,352.98,11.8,41.54,311.44,Premium,North,Retail Store,4.4,True,12,Q4,Monday,False
TXN_001334,2022-04-15,Books,75.16,3,225.48,23.7,53.44,172.03,Regular,Central,Mobile App,4.5,True,4,Q2,Friday,False
TXN_001335,2022-01-06,Beauty,105.27,2,210.54,0.3,0.61,209.93,Regular,South,Retail Store,3.3,True,1,Q1,Thursday,False
TXN_001336,2022-08-05,Toys,201.03,3,603.09,10.0,60.6,542.5,Premium,North,Retail Store,3.7,False,8,Q3,Friday,False
TXN_001337,2022-12-26,Electronics,515.91,1,515.91,23.8,122.62,393.29,Regular,Central,Retail Store,3.9,True,12,Q4,Monday,False
TXN_001338,2022-03-12,Electronics,785.7,1,785.7,2.7,21.01,764.69,Budget,Central,Retail Store,4.7,False,3,Q1,Saturday,True
TXN_001339,2023-10-25,Toys,122.02,2,244.04,17.4,42.4,201.63,Premium,West,Online,5.0,True,10,Q4,Wednesday,False
TXN_001340,2023-09-28,Clothing,206.83,1,206.83,18.7,38.78,168.05,Premium,North,Online,3.5,True,9,Q3,Thursday,False
TXN_001341,2022-01-27,Toys,62.48,2,124.95,4.9,6.07,118.89,Regular,North,Retail Store,3.1,False,1,Q1,Thursday,False
TXN_001342,2023-09-06,Sports,156.82,2,313.64,2.5,7.93,305.71,Premium,Central,Online,4.5,False,9,Q3,Wednesday,False
TXN_001343,2022-07-26,Home & Garden,227.81,3,683.43,19.8,135.52,547.91,Regular,North,Online,3.0,False,7,Q3,Tuesday,False
TXN_001344,2022-05-31,Home & Garden,107.43,2,214.86,3.2,6.87,207.99,Regular,West,Retail Store,3.1,False,5,Q2,Tuesday,False
TXN_001345,2022-06-04,Books,32.47,6,194.83,28.9,56.35,138.49,Budget,North,Mobile App,3.4,True,6,Q2,Saturday,True
TXN_001346,2022-06-08,Clothing,136.42,2,272.85,8.7,23.63,249.22,Regular,West,Online,4.7,True,6,Q2,Wednesday,False
TXN_001347,2022-12-24,Toys,50.8,6,304.83,20.2,61.67,243.15,Regular,South,Online,3.5,False,12,Q4,Saturday,True
TXN_001348,2022-10-04,Sports,55.95,3,167.86,14.3,23.97,143.89,Budget,East,Mobile App,3.7,True,10,Q4,Tuesday,False
TXN_001349,2022-10-27,Books,31.85,1,31.85,13.8,4.4,27.45,Budget,South,Online,3.8,False,10,Q4,Thursday,False
TXN_001350,2023-01-21,Electronics,317.48,2,634.96,14.0,89.16,545.8,Premium,East,Online,4.7,True,1,Q1,Saturday,True
TXN_001351,2023-02-16,Beauty,157.26,3,471.77,4.9,23.19,448.58,Premium,West,Online,3.0,False,2,Q1,Thursday,False
TXN_001352,2022-07-21,Electronics,1307.01,1,1307.01,27.3,356.2,950.82,Budget,South,Mobile App,2.4,False,7,Q3,Thursday,False
TXN_001353,2022-03-17,Electronics,1207.17,2,2414.34,12.7,305.69,2108.65,Budget,East,Online,2.9,False,3,Q1,Thursday,False
TXN_001354,2023-05-17,Sports,262.87,2,525.74,11.0,57.9,467.84,Regular,West,Online,3.8,False,5,Q2,Wednesday,False
TXN_001355,2022-01-24,Electronics,642.24,2,1284.49,0.8,10.91,1273.58,Budget,East,Retail Store,3.8,True,1,Q1,Monday,False
TXN_001356,2023-01-16,Beauty,54.13,7,378.92,7.8,29.37,349.55,Budget,West,Online,4.6,True,1,Q1,Monday,False
TXN_001357,2023-09-28,Sports,285.8,3,857.41,3.0,25.71,831.7,Regular,Central,Online,2.9,False,9,Q3,Thursday,False
TXN_001358,2023-02-11,Home & Garden,338.85,3,1016.55,1.5,15.44,1001.11,Premium,Central,Online,4.1,True,2,Q1,Saturday,True
TXN_001359,2023-08-29,Toys,99.22,1,99.22,29.6,29.33,69.89,Budget,North,Mobile App,2.8,False,8,Q3,Tuesday,False
TXN_001360,2023-07-31,Sports,60.21,3,180.64,1.6,2.95,177.69,Regular,South,Online,4.3,True,7,Q3,Monday,False
TXN_001361,2023-01-17,Electronics,108.07,3,324.2,1.9,6.07,318.12,Budget,West,Online,3.2,True,1,Q1,Tuesday,False
TXN_001362,2023-03-12,Electronics,3040.87,2,6081.74,24.4,1481.39,4600.35,Premium,South,Online,4.9,True,3,Q1,Sunday,True
TXN_001363,2022-04-26,Home & Garden,200.12,2,400.24,19.1,76.6,323.64,Regular,East,Mobile App,3.4,False,4,Q2,Tuesday,False
TXN_001364,2023-05-31,Beauty,48.49,5,242.47,11.9,28.86,213.61,Regular,East,Mobile App,3.2,True,5,Q2,Wednesday,False
TXN_001365,2022-10-20,Beauty,132.56,2,265.12,22.1,58.62,206.5,Budget,South,Online,1.9,True,10,Q4,Thursday,False
TXN_001366,2023-07-21,Clothing,74.3,6,445.82,16.8,75.11,370.71,Regular,North,Online,3.1,False,7,Q3,Friday,False
TXN_001367,2022-05-26,Toys,125.88,3,377.63,21.1,79.75,297.88,Regular,North,Mobile App,3.3,True,5,Q2,Thursday,False
TXN_001368,2023-04-11,Beauty,344.71,2,689.42,3.5,24.19,665.24,Premium,East,Online,5.0,True,4,Q2,Tuesday,False
TXN_001369,2022-12-30,Toys,43.62,3,130.86,25.9,33.83,97.03,Budget,South,Online,4.2,False,12,Q4,Friday,False
TXN_001370,2023-02-09,Electronics,1487.48,1,1487.48,24.5,364.11,1123.37,Premium,West,Online,2.9,True,2,Q1,Thursday,False
TXN_001371,2022-07-14,Beauty,61.89,7,433.22,25.6,110.86,322.36,Regular,East,Mobile App,3.2,False,7,Q3,Thursday,False
TXN_001372,2023-07-16,Sports,434.68,2,869.37,24.4,212.04,657.32,Regular,West,Online,4.2,False,7,Q3,Sunday,True
TXN_001373,2022-12-21,Sports,76.3,2,152.59,15.8,24.04,128.55,Premium,Central,Retail Store,3.5,False,12,Q4,Wednesday,False
TXN_001374,2023-11-13,Electronics,1067.61,1,1067.61,19.1,203.42,864.2,Budget,North,Online,2.6,False,11,Q4,Monday,False
TXN_001375,2023-03-08,Clothing,344.12,1,344.12,27.8,95.62,248.5,Premium,East,Mobile App,4.6,True,3,Q1,Wednesday,False
TXN_001376,2022-08-19,Home & Garden,106.47,2,212.94,16.7,35.57,177.36,Regular,West,Online,2.8,True,8,Q3,Friday,False
TXN_001377,2022-06-11,Clothing,66.07,1,66.07,16.8,11.11,54.96,Budget,Central,Mobile App,3.0,False,6,Q2,Saturday,True
TXN_001378,2023-05-25,Books,17.86,6,107.15,10.7,11.51,95.65,Regular,South,Retail Store,2.2,False,5,Q2,Thursday,False
TXN_001379,2023-04-28,Home & Garden,167.69,1,167.69,6.6,11.07,156.62,Regular,South,Online,5.0,True,4,Q2,Friday,False
TXN_001380,2023-03-17,Beauty,124.72,3,374.17,1.3,4.8,369.38,Regular,North,Online,1.7,False,3,Q1,Friday,False
TXN_001381,2022-10-14,Clothing,230.43,1,230.43,12.2,28.16,202.27,Regular,East,Mobile App,4.4,True,10,Q4,Friday,False
TXN_001382,2022-06-12,Books,48.74,5,243.71,4.7,11.4,232.31,Regular,North,Online,4.0,True,6,Q2,Sunday,True
TXN_001383,2022-08-09,Beauty,58.59,3,175.78,20.5,36.1,139.68,Regular,East,Online,2.5,True,8,Q3,Tuesday,False
TXN_001384,2022-09-01,Toys,57.36,3,172.08,8.3,14.34,157.74,Budget,Central,Retail Store,1.9,False,9,Q3,Thursday,False
TXN_001385,2022-08-06,Toys,138.31,4,553.22,4.3,23.54,529.68,Regular,East,Online,3.8,True,8,Q3,Saturday,True
TXN_001386,2022-09-25,Clothing,37.73,2,75.45,12.6,9.5,65.95,Regular,North,Retail Store,4.2,True,9,Q3,Sunday,True
TXN_001387,2022-06-05,Sports,331.35,2,662.7,7.8,51.56,611.14,Budget,East,Online,2.2,False,6,Q2,Sunday,True
TXN_001388,2022-11-05,Clothing,78.07,6,468.39,21.9,102.78,365.61,Premium,North,Online,4.4,False,11,Q4,Saturday,True
TXN_001389,2023-12-02,Books,8.75,6,52.49,14.2,7.44,45.05,Budget,East,Retail Store,2.5,False,12,Q4,Saturday,True
TXN_001390,2022-08-03,Books,25.99,6,155.92,4.7,7.27,148.65,Budget,South,Online,3.4,False,8,Q3,Wednesday,False
TXN_001391,2022-11-03,Clothing,176.58,3,529.75,14.9,78.91,450.84,Regular,East,Online,3.4,False,11,Q4,Thursday,False
TXN_001392,2023-01-22,Toys,140.52,2,281.05,9.4,26.31,254.74,Regular,Central,Mobile App,3.7,False,1,Q1,Sunday,True
TXN_001393,2023-09-25,Clothing,188.81,4,755.26,8.0,60.33,694.93,Regular,Central,Retail Store,2.7,True,9,Q3,Monday,False
TXN_001394,2023-01-19,Toys,10.19,2,20.37,21.0,4.27,16.1,Regular,North,Online,2.9,False,1,Q1,Thursday,False
TXN_001395,2023-06-06,Electronics,1182.98,2,2365.97,4.4,104.81,2261.16,Regular,Central,Online,4.4,True,6,Q2,Tuesday,False
TXN_001396,2022-11-14,Home & Garden,91.97,4,367.86,13.5,49.79,318.07,Regular,Central,Retail Store,2.7,True,11,Q4,Monday,False
TXN_001397,2022-09-04,Electronics,1602.72,2,3205.44,16.5,528.2,2677.24,Regular,South,Online,2.5,True,9,Q3,Sunday,True
TXN_001398,2022-03-08,Books,22.66,2,45.33,12.7,5.78,39.55,Budget,Central,Online,4.9,False,3,Q1,Tuesday,False
TXN_001399,2023-04-22,Clothing,367.76,4,1471.03,1.4,20.35,1450.67,Regular,South,Online,3.2,False,4,Q2,Saturday,True
TXN_001400,2022-06-21,Clothing,200.58,1,200.58,7.5,15.09,185.49,Regular,North,Retail Store,2.6,False,6,Q2,Tuesday,False
TXN_001401,2023-07-25,Sports,603.31,3,1809.92,11.4,206.97,1602.95,Premium,Central,Mobile App,3.9,False,7,Q3,Tuesday,False
TXN_001402,2023-06-24,Clothing,79.09,4,316.35,16.9,53.5,262.85,Budget,South,Mobile App,3.8,False,6,Q2,Saturday,True
TXN_001403,2023-07-02,Clothing,13.35,2,26.7,24.1,6.44,20.27,Budget,North,Mobile App,3.3,True,7,Q3,Sunday,True
TXN_001404,2022-01-18,Clothing,33.8,3,101.4,26.9,27.3,74.11,Regular,East,Mobile App,3.7,False,1,Q1,Tuesday,False
TXN_001405,2022-09-02,Clothing,49.23,7,344.63,24.3,83.61,261.02,Regular,North,Mobile App,3.8,False,9,Q3,Friday,False
TXN_001406,2023-03-01,Clothing,175.49,3,526.46,6.9,36.27,490.19,Regular,West,Retail Store,4.9,True,3,Q1,Wednesday,False
TXN_001407,2022-04-08,Toys,200.21,2,400.42,3.1,12.35,388.07,Premium,Central,Retail Store,4.7,True,4,Q2,Friday,False
TXN_001408,2022-09-06,Sports,144.85,1,144.85,20.9,30.29,114.56,Budget,Central,Online,4.0,False,9,Q3,Tuesday,False
TXN_001409,2024-01-01,Clothing,257.33,1,257.33,4.1,10.65,246.68,Premium,North,Retail Store,4.2,True,1,Q1,Monday,False
TXN_001410,2022-04-20,Electronics,621.9,2,1243.8,18.2,226.84,1016.96,Budget,North,Online,3.4,True,4,Q2,Wednesday,False
TXN_001411,2023-05-20,Beauty,16.49,7,115.44,20.5,23.63,91.81,Regular,South,Mobile App,3.5,True,5,Q2,Saturday,True
TXN_001412,2023-08-05,Toys,86.1,4,344.38,1.6,5.57,338.81,Regular,East,Online,2.2,False,8,Q3,Saturday,True
TXN_001413,2022-05-29,Toys,58.58,2,117.15,14.9,17.45,99.7,Regular,West,Online,2.6,True,5,Q2,Sunday,True
TXN_001414,2022-04-13,Clothing,340.9,1,340.9,13.0,44.22,296.68,Premium,South,Retail Store,4.0,True,4,Q2,Wednesday,False
TXN_001415,2022-11-22,Beauty,92.82,1,92.82,11.8,10.99,81.83,Budget,East,Online,4.1,True,11,Q4,Tuesday,False
TXN_001416,2023-01-28,Home & Garden,171.89,4,687.54,16.4,112.83,574.71,Budget,East,Online,3.0,True,1,Q1,Saturday,True
TXN_001417,2022-11-20,Clothing,140.16,2,280.32,19.8,55.4,224.92,Regular,East,Retail Store,2.7,True,11,Q4,Sunday,True
TXN_001418,2022-08-05,Toys,24.43,3,73.3,3.7,2.68,70.62,Budget,West,Retail Store,2.7,True,8,Q3,Friday,False
TXN_001419,2023-06-06,Sports,571.16,4,2284.63,3.3,74.91,2209.72,Premium,West,Online,4.2,False,6,Q2,Tuesday,False
TXN_001420,2023-01-24,Electronics,702.87,1,702.87,6.7,47.09,655.77,Regular,South,Online,3.8,True,1,Q1,Tuesday,False
TXN_001421,2023-01-06,Electronics,1206.32,2,2412.64,17.6,424.72,1987.92,Regular,Central,Online,3.1,False,1,Q1,Friday,False
TXN_001422,2023-10-24,Electronics,227.47,1,227.47,9.9,22.57,204.9,Premium,West,Online,4.0,False,10,Q4,Tuesday,False
TXN_001423,2023-04-07,Beauty,73.49,4,293.95,21.3,62.5,231.45,Regular,North,Online,4.0,True,4,Q2,Friday,False
TXN_001424,2023-11-22,Toys,140.69,3,422.08,22.7,95.75,326.33,Regular,West,Mobile App,3.5,False,11,Q4,Wednesday,False
TXN_001425,2023-11-23,Sports,56.56,2,113.11,36.8,41.63,71.48,Budget,South,Online,2.9,False,11,Q4,Thursday,False
TXN_001426,2022-04-28,Beauty,117.68,4,470.71,9.7,45.51,425.2,Regular,South,Mobile App,2.3,True,4,Q2,Thursday,False
TXN_001427,2022-09-06,Beauty,91.7,3,275.1,8.4,23.0,252.1,Budget,Central,Retail Store,2.9,False,9,Q3,Tuesday,False
TXN_001428,2022-09-25,Home & Garden,405.02,1,405.02,2.9,11.57,393.46,Premium,West,Online,3.0,True,9,Q3,Sunday,True
TXN_001429,2023-09-04,Beauty,176.64,3,529.91,0.3,1.75,528.16,Regular,South,Retail Store,4.7,False,9,Q3,Monday,False
TXN_001430,2022-07-15,Home & Garden,299.22,4,1196.89,16.9,201.68,995.21,Regular,South,Online,2.1,True,7,Q3,Friday,False
TXN_001431,2022-03-11,Toys,124.43,2,248.85,6.7,16.78,232.07,Premium,West,Retail Store,5.0,True,3,Q1,Friday,False
TXN_001432,2023-04-03,Electronics,1027.74,1,1027.74,5.7,58.84,968.9,Regular,Central,Retail Store,3.9,False,4,Q2,Monday,False
TXN_001433,2023-04-24,Books,25.41,6,152.44,4.3,6.51,145.93,Regular,South,Retail Store,3.4,False,4,Q2,Monday,False
TXN_001434,2023-06-04,Sports,111.46,3,334.38,19.0,63.41,270.97,Budget,South,Mobile App,4.0,True,6,Q2,Sunday,True
TXN_001435,2023-05-08,Beauty,98.83,2,197.66,24.7,48.89,148.77,Regular,North,Mobile App,3.5,True,5,Q2,Monday,False
TXN_001436,2023-01-11,Sports,121.14,4,484.54,24.9,120.5,364.04,Budget,West,Online,4.2,True,1,Q1,Wednesday,False
TXN_001437,2023-04-27,Books,44.72,6,268.29,18.5,49.75,218.55,Regular,Central,Online,3.6,False,4,Q2,Thursday,False
TXN_001438,2023-10-25,Toys,47.25,7,330.73,14.1,46.48,284.25,Regular,North,Retail Store,3.7,True,10,Q4,Wednesday,False
TXN_001439,2022-10-30,Home & Garden,229.22,1,229.22,16.6,38.08,191.14,Premium,East,Mobile App,3.8,False,10,Q4,Sunday,True
TXN_001440,2023-07-14,Sports,155.92,4,623.68,9.7,60.53,563.16,Regular,Central,Mobile App,3.3,True,7,Q3,Friday,False
TXN_001441,2022-03-29,Electronics,603.32,1,603.32,13.1,78.84,524.48,Regular,North,Retail Store,3.4,True,3,Q1,Tuesday,False
TXN_001442,2022-11-13,Toys,80.7,1,80.7,19.2,15.51,65.19,Budget,West,Retail Store,3.5,False,11,Q4,Sunday,True
TXN_001443,2022-04-08,Clothing,116.6,1,116.6,2.8,3.22,113.38,Regular,South,Retail Store,4.3,True,4,Q2,Friday,False
TXN_001444,2022-05-05,Electronics,1269.14,1,1269.14,1.3,16.48,1252.66,Premium,South,Retail Store,3.8,False,5,Q2,Thursday,False
TXN_001445,2022-05-15,Sports,227.7,4,910.82,19.2,175.05,735.76,Budget,North,Mobile App,3.3,False,5,Q2,Sunday,True
TXN_001446,2022-10-17,Books,79.69,2,159.37,6.6,10.45,148.92,Regular,South,Online,4.0,True,10,Q4,Monday,False
TXN_001447,2022-03-30,Sports,299.13,1,299.13,10.0,29.87,269.26,Regular,South,Mobile App,3.9,True,3,Q1,Wednesday,False
TXN_001448,2023-01-09,Beauty,118.2,2,236.41,8.2,19.34,217.07,Budget,West,Mobile App,2.4,False,1,Q1,Monday,False
TXN_001449,2023-07-19,Books,28.3,4,113.21,6.5,7.33,105.88,Budget,East,Online,2.0,False,7,Q3,Wednesday,False
TXN_001450,2022-08-25,Clothing,43.17,6,259.03,14.9,38.67,220.36,Regular,West,Mobile App,3.9,False,8,Q3,Thursday,False
TXN_001451,2023-03-26,Home & Garden,137.36,3,412.08,6.5,26.67,385.41,Premium,North,Retail Store,5.0,True,3,Q1,Sunday,True
TXN_001452,2022-10-10,Electronics,873.96,2,1747.93,14.5,252.64,1495.29,Budget,East,Mobile App,3.9,True,10,Q4,Monday,False
TXN_001453,2022-03-12,Sports,390.99,1,390.99,1.1,4.24,386.75,Premium,Central,Retail Store,4.7,False,3,Q1,Saturday,True
TXN_001454,2023-03-03,Sports,75.69,4,302.78,0.2,0.65,302.13,Budget,Central,Retail Store,2.9,False,3,Q1,Friday,False
TXN_001455,2022-05-08,Books,32.57,7,228.0,10.3,23.54,204.46,Regular,East,Online,2.8,True,5,Q2,Sunday,True
TXN_001456,2023-06-02,Home & Garden,340.89,4,1363.56,0.6,7.89,1355.67,Regular,West,Retail Store,2.9,True,6,Q2,Friday,False
TXN_001457,2023-10-28,Sports,236.78,3,710.35,9.7,68.57,641.78,Budget,North,Online,2.3,True,10,Q4,Saturday,True
TXN_001458,2023-11-30,Clothing,113.65,1,113.65,19.5,22.12,91.52,Budget,East,Mobile App,2.6,True,11,Q4,Thursday,False
TXN_001459,2022-07-09,Books,24.98,7,174.85,13.9,24.27,150.58,Premium,North,Retail Store,4.5,True,7,Q3,Saturday,True
TXN_001460,2023-10-24,Books,52.24,7,365.69,0.9,3.29,362.4,Premium,Central,Online,4.6,False,10,Q4,Tuesday,False
TXN_001461,2022-01-14,Clothing,289.1,1,289.1,10.7,31.03,258.07,Premium,South,Online,5.0,False,1,Q1,Friday,False
TXN_001462,2023-07-25,Sports,186.44,3,559.31,0.3,1.92,557.39,Regular,Central,Retail Store,4.1,False,7,Q3,Tuesday,False
TXN_001463,2023-07-16,Toys,22.89,3,68.68,21.2,14.54,54.14,Budget,North,Mobile App,3.1,False,7,Q3,Sunday,True
TXN_001464,2022-10-06,Books,39.09,1,39.09,16.3,6.39,32.71,Budget,North,Online,2.6,False,10,Q4,Thursday,False
TXN_001465,2023-12-10,Sports,31.99,3,95.96,17.0,16.32,79.64,Regular,South,Retail Store,4.1,True,12,Q4,Sunday,True
TXN_001466,2023-08-13,Toys,16.22,3,48.67,10.2,4.98,43.68,Budget,South,Retail Store,4.2,False,8,Q3,Sunday,True
TXN_001467,2023-01-27,Beauty,213.24,1,213.24,0.7,1.45,211.79,Premium,East,Online,4.0,True,1,Q1,Friday,False
TXN_001468,2022-12-11,Clothing,80.29,6,481.73,20.2,97.35,384.38,Regular,East,Retail Store,3.0,False,12,Q4,Sunday,True
TXN_001469,2022-03-28,Toys,94.65,4,378.61,5.2,19.76,358.86,Budget,South,Online,2.6,False,3,Q1,Monday,False
TXN_001470,2023-08-06,Toys,145.15,2,290.31,14.8,42.97,247.34,Regular,Central,Online,4.2,True,8,Q3,Sunday,True
TXN_001471,2023-07-27,Clothing,163.26,1,163.26,22.2,36.25,127.01,Regular,West,Online,4.5,True,7,Q3,Thursday,False
TXN_001472,2022-08-28,Electronics,902.63,2,1805.25,0.6,11.73,1793.53,Budget,South,Online,3.1,True,8,Q3,Sunday,True
TXN_001473,2023-10-27,Beauty,50.38,6,302.29,4.0,12.03,290.26,Premium,West,Retail Store,5.0,True,10,Q4,Friday,False
TXN_001474,2023-09-01,Electronics,295.5,2,591.0,14.8,87.29,503.71,Budget,North,Retail Store,4.3,False,9,Q3,Friday,False
TXN_001475,2022-03-01,Sports,135.71,3,407.14,13.6,55.53,351.61,Budget,East,Online,2.7,True,3,Q1,Tuesday,False
TXN_001476,2022-05-10,Toys,98.14,2,196.28,8.1,16.0,180.29,Budget,North,Online,3.7,False,5,Q2,Tuesday,False
TXN_001477,2023-07-31,Toys,214.79,2,429.58,1.9,8.14,421.44,Premium,Central,Retail Store,2.7,False,7,Q3,Monday,False
TXN_001478,2022-09-25,Sports,312.48,1,312.48,11.0,34.46,278.03,Regular,South,Retail Store,4.1,True,9,Q3,Sunday,True
TXN_001479,2023-10-05,Home & Garden,165.94,1,165.94,18.6,30.78,135.15,Regular,South,Mobile App,2.5,True,10,Q4,Thursday,False
TXN_001480,2022-12-05,Sports,128.05,1,128.05,12.7,16.23,111.82,Regular,South,Online,3.8,False,12,Q4,Monday,False
TXN_001481,2022-04-10,Toys,147.12,3,441.35,13.0,57.5,383.85,Regular,North,Online,4.8,True,4,Q2,Sunday,True
TXN_001482,2022-11-24,Clothing,173.88,2,347.76,33.9,117.91,229.85,Regular,West,Mobile App,3.5,True,11,Q4,Thursday,False
TXN_001483,2023-03-01,Books,82.87,3,248.61,13.0,32.33,216.28,Premium,North,Mobile App,4.2,False,3,Q1,Wednesday,False
TXN_001484,2022-09-28,Books,71.75,7,502.22,1.0,5.24,496.98,Premium,Central,Retail Store,3.7,False,9,Q3,Wednesday,False
TXN_001485,2023-03-11,Electronics,590.28,2,1180.57,13.0,153.68,1026.89,Regular,Central,Online,3.3,False,3,Q1,Saturday,True
TXN_001486,2022-09-20,Electronics,1792.22,2,3584.44,14.0,503.52,3080.91,Regular,North,Online,3.4,False,9,Q3,Tuesday,False
TXN_001487,2023-02-23,Toys,140.17,4,560.69,17.7,99.3,461.39,Regular,East,Online,1.0,True,2,Q1,Thursday,False
TXN_001488,2022-07-23,Electronics,867.02,1,867.02,14.7,127.12,739.9,Budget,North,Retail Store,3.1,True,7,Q3,Saturday,True
TXN_001489,2022-05-20,Clothing,118.6,2,237.19,9.7,23.05,214.14,Regular,Central,Online,4.0,True,5,Q2,Friday,False
TXN_001490,2022-08-26,Books,16.04,1,16.04,16.0,2.57,13.46,Budget,Central,Mobile App,2.9,False,8,Q3,Friday,False
TXN_001491,2023-11-30,Toys,85.52,3,256.56,36.7,94.04,162.52,Regular,North,Online,2.7,False,11,Q4,Thursday,False
TXN_001492,2023-05-27,Home & Garden,114.04,4,456.18,26.3,119.89,336.28,Budget,West,Mobile App,3.7,False,5,Q2,Saturday,True
TXN_001493,2022-07-19,Toys,52.16,5,260.82,8.0,20.88,239.93,Budget,North,Retail Store,3.1,False,7,Q3,Tuesday,False
TXN_001494,2023-01-02,Home & Garden,166.48,4,665.92,2.8,18.52,647.39,Regular,Central,Online,4.3,False,1,Q1,Monday,False
TXN_001495,2022-05-02,Home & Garden,366.44,3,1099.31,5.7,62.65,1036.66,Regular,East,Mobile App,3.2,False,5,Q2,Monday,False
TXN_001496,2023-02-01,Sports,353.19,1,353.19,11.1,39.34,313.85,Premium,East,Retail Store,2.5,True,2,Q1,Wednesday,False
TXN_001497,2023-05-15,Books,11.94,1,11.94,14.7,1.75,10.19,Regular,South,Retail Store,1.8,False,5,Q2,Monday,False
TXN_001498,2023-09-03,Toys,11.77,7,82.39,23.9,19.69,62.7,Regular,North,Mobile App,3.9,False,9,Q3,Sunday,True
TXN_001499,2023-08-04,Books,65.68,2,131.36,16.3,21.46,109.9,Premium,North,Online,3.9,True,8,Q3,Friday,False
TXN_001500,2022-07-21,Toys,33.39,4,133.58,11.6,15.55,118.03,Budget,South,Retail Store,2.1,False,7,Q3,Thursday,False
TXN_001501,2022-12-06,Books,19.15,2,38.29,38.5,14.76,23.53,Premium,West,Online,4.9,True,12,Q4,Tuesday,False
TXN_001502,2023-10-26,Beauty,159.6,2,319.2,25.2,80.56,238.64,Premium,North,Mobile App,5.0,False,10,Q4,Thursday,False
TXN_001503,2023-07-04,Electronics,110.94,4,443.76,21.9,97.31,346.45,Regular,West,Mobile App,4.0,False,7,Q3,Tuesday,False
TXN_001504,2023-03-10,Clothing,179.57,1,179.57,4.1,7.32,172.26,Regular,South,Retail Store,4.2,True,3,Q1,Friday,False
TXN_001505,2022-09-05,Electronics,500.22,2,1000.44,23.6,236.19,764.25,Regular,Central,Online,4.1,True,9,Q3,Monday,False
TXN_001506,2022-04-25,Toys,117.74,4,470.98,11.4,53.73,417.25,Regular,Central,Retail Store,5.0,True,4,Q2,Monday,False
TXN_001507,2023-11-29,Sports,273.79,3,821.37,13.9,114.54,706.83,Regular,Central,Online,3.8,False,11,Q4,Wednesday,False
TXN_001508,2023-01-26,Books,74.43,6,446.56,19.3,86.05,360.51,Regular,East,Mobile App,4.0,True,1,Q1,Thursday,False
TXN_001509,2023-08-24,Sports,314.83,4,1259.3,24.7,311.41,947.89,Regular,West,Mobile App,3.1,False,8,Q3,Thursday,False
TXN_001510,2023-05-16,Books,20.64,1,20.64,15.2,3.15,17.49,Premium,West,Online,3.9,False,5,Q2,Tuesday,False
TXN_001511,2022-02-20,Electronics,125.46,1,125.46,15.8,19.86,105.59,Budget,North,Online,3.2,True,2,Q1,Sunday,True
TXN_001512,2022-03-02,Books,43.8,5,219.01,5.5,12.1,206.9,Regular,South,Mobile App,2.0,False,3,Q1,Wednesday,False
TXN_001513,2022-10-13,Electronics,665.48,2,1330.95,6.4,84.74,1246.22,Regular,East,Retail Store,2.7,True,10,Q4,Thursday,False
TXN_001514,2023-05-25,Clothing,79.75,5,398.76,27.2,108.33,290.42,Budget,East,Mobile App,2.3,True,5,Q2,Thursday,False
TXN_001515,2023-12-11,Books,77.99,7,545.94,33.9,185.3,360.64,Regular,West,Online,3.8,False,12,Q4,Monday,False
TXN_001516,2022-11-23,Beauty,19.18,3,57.55,26.8,15.41,42.14,Budget,Central,Mobile App,2.8,False,11,Q4,Wednesday,False
TXN_001517,2023-02-23,Clothing,137.85,4,551.4,10.5,57.71,493.69,Regular,South,Online,3.2,False,2,Q1,Thursday,False
TXN_001518,2023-11-23,Toys,16.53,3,49.58,21.9,10.86,38.72,Budget,North,Online,3.4,False,11,Q4,Thursday,False
TXN_001519,2023-05-03,Clothing,32.11,1,32.11,16.3,5.23,26.88,Regular,North,Mobile App,1.9,False,5,Q2,Wednesday,False
TXN_001520,2022-07-03,Sports,67.78,3,203.34,13.3,27.0,176.34,Regular,Central,Retail Store,2.9,False,7,Q3,Sunday,True
TXN_001521,2023-06-15,Electronics,753.33,1,753.33,3.8,28.99,724.33,Budget,South,Online,3.1,False,6,Q2,Thursday,False
TXN_001522,2023-05-27,Home & Garden,26.72,6,160.33,5.2,8.36,151.97,Budget,North,Retail Store,3.6,False,5,Q2,Saturday,True
TXN_001523,2023-06-09,Home & Garden,305.67,3,917.01,3.8,34.65,882.36,Budget,North,Online,4.6,True,6,Q2,Friday,False
TXN_001524,2022-03-18,Sports,123.12,1,123.12,13.1,16.16,106.96,Regular,South,Online,3.4,False,3,Q1,Friday,False
TXN_001525,2023-08-05,Books,25.13,1,25.13,13.3,3.35,21.78,Budget,West,Online,3.2,False,8,Q3,Saturday,True
TXN_001526,2023-09-25,Sports,275.19,3,825.58,4.7,38.6,786.98,Regular,North,Online,1.6,False,9,Q3,Monday,False
TXN_001527,2023-08-06,Electronics,1398.66,2,2797.31,15.8,442.8,2354.51,Regular,West,Mobile App,2.9,True,8,Q3,Sunday,True
TXN_001528,2023-04-25,Electronics,385.81,2,771.61,14.9,114.63,656.98,Premium,East,Retail Store,5.0,False,4,Q2,Tuesday,False
TXN_001529,2023-11-22,Beauty,82.77,5,413.84,30.5,126.09,287.75,Premium,East,Mobile App,4.2,False,11,Q4,Wednesday,False
TXN_001530,2022-11-17,Sports,79.23,3,237.68,19.5,46.28,191.4,Regular,North,Online,4.5,False,11,Q4,Thursday,False
TXN_001531,2023-07-14,Toys,98.35,7,688.44,18.4,126.66,561.78,Regular,South,Mobile App,4.4,False,7,Q3,Friday,False
TXN_001532,2023-02-15,Clothing,70.35,4,281.38,9.2,25.98,255.4,Budget,East,Online,4.0,False,2,Q1,Wednesday,False
TXN_001533,2022-11-13,Clothing,80.75,2,161.5,16.7,26.99,134.52,Budget,Central,Online,3.4,False,11,Q4,Sunday,True
TXN_001534,2022-05-08,Sports,183.52,2,367.04,8.0,29.3,337.74,Regular,West,Retail Store,3.8,False,5,Q2,Sunday,True
TXN_001535,2022-10-17,Books,43.4,2,86.79,14.3,12.38,74.41,Budget,South,Retail Store,1.9,True,10,Q4,Monday,False
TXN_001536,2023-03-04,Sports,409.92,4,1639.7,24.7,405.42,1234.28,Premium,West,Mobile App,3.6,False,3,Q1,Saturday,True
TXN_001537,2023-09-23,Beauty,89.91,3,269.72,13.1,35.43,234.29,Regular,West,Retail Store,3.5,True,9,Q3,Saturday,True
TXN_001538,2023-03-25,Toys,56.25,5,281.25,10.1,28.44,252.81,Premium,West,Online,2.0,True,3,Q1,Saturday,True
TXN_001539,2022-03-16,Clothing,313.33,3,940.0,12.7,119.02,820.98,Regular,West,Retail Store,3.4,False,3,Q1,Wednesday,False
TXN_001540,2022-05-13,Beauty,69.03,7,483.23,8.8,42.36,440.88,Premium,South,Retail Store,3.1,False,5,Q2,Friday,False
TXN_001541,2023-08-29,Sports,388.33,1,388.33,13.3,51.73,336.6,Regular,North,Online,4.7,True,8,Q3,Tuesday,False
TXN_001542,2022-10-29,Sports,251.42,4,1005.7,1.4,14.43,991.26,Budget,Central,Retail Store,3.9,False,10,Q4,Saturday,True
TXN_001543,2022-09-29,Electronics,1651.73,1,1651.73,8.1,134.15,1517.59,Regular,North,Retail Store,4.1,True,9,Q3,Thursday,False
TXN_001544,2022-05-16,Toys,36.34,6,218.04,16.4,35.75,182.29,Regular,North,Online,2.8,False,5,Q2,Monday,False
TXN_001545,2022-05-12,Home & Garden,431.24,3,1293.71,13.4,173.75,1119.96,Regular,East,Online,3.8,False,5,Q2,Thursday,False
TXN_001546,2022-11-22,Beauty,102.06,2,204.12,14.5,29.57,174.55,Budget,North,Mobile App,2.1,False,11,Q4,Tuesday,False
TXN_001547,2022-05-21,Beauty,196.59,1,196.59,17.9,35.1,161.48,Regular,West,Mobile App,3.4,False,5,Q2,Saturday,True
TXN_001548,2022-02-15,Electronics,449.58,1,449.58,28.9,129.95,319.62,Budget,Central,Mobile App,4.3,False,2,Q1,Tuesday,False
TXN_001549,2022-01-24,Books,28.16,4,112.66,20.7,23.36,89.29,Budget,East,Mobile App,1.5,False,1,Q1,Monday,False
TXN_001550,2022-06-20,Toys,91.19,3,273.58,14.5,39.62,233.96,Budget,South,Retail Store,2.6,False,6,Q2,Monday,False
TXN_001551,2023-05-11,Home & Garden,92.39,5,461.94,3.2,14.7,447.24,Premium,Central,Online,3.5,True,5,Q2,Thursday,False
TXN_001552,2023-12-01,Sports,155.21,4,620.85,21.4,132.89,487.96,Regular,South,Online,3.7,True,12,Q4,Friday,False
TXN_001553,2023-06-12,Sports,186.33,4,745.32,12.1,89.86,655.46,Regular,South,Retail Store,4.3,True,6,Q2,Monday,False
TXN_001554,2023-05-29,Sports,461.79,3,1385.36,6.3,86.81,1298.56,Regular,West,Retail Store,4.9,False,5,Q2,Monday,False
TXN_001555,2022-07-06,Clothing,91.84,7,642.9,22.3,143.33,499.57,Regular,West,Online,4.8,True,7,Q3,Wednesday,False
TXN_001556,2022-07-14,Books,41.81,3,125.43,11.7,14.69,110.75,Budget,Central,Online,2.5,False,7,Q3,Thursday,False
TXN_001557,2023-10-19,Sports,150.24,1,150.24,1.1,1.61,148.63,Budget,Central,Online,4.1,True,10,Q4,Thursday,False
TXN_001558,2023-08-06,Beauty,57.54,4,230.16,18.5,42.49,187.68,Premium,South,Online,4.7,False,8,Q3,Sunday,True
TXN_001559,2023-12-24,Sports,50.36,7,352.51,25.9,91.17,261.33,Premium,North,Mobile App,4.3,False,12,Q4,Sunday,True
TXN_001560,2022-08-08,Toys,20.55,3,61.64,1.1,0.68,60.96,Regular,North,Retail Store,2.4,False,8,Q3,Monday,False
TXN_001561,2022-12-18,Books,23.17,4,92.69,9.5,8.82,83.87,Regular,South,Retail Store,3.4,True,12,Q4,Sunday,True
TXN_001562,2022-11-07,Clothing,81.39,1,81.39,16.9,13.74,67.65,Regular,Central,Online,4.1,False,11,Q4,Monday,False
TXN_001563,2023-02-22,Home & Garden,81.2,5,406.02,13.6,55.26,350.76,Regular,West,Retail Store,4.9,False,2,Q1,Wednesday,False
TXN_001564,2023-06-04,Toys,110.21,5,551.03,1.9,10.5,540.53,Premium,West,Retail Store,4.1,True,6,Q2,Sunday,True
TXN_001565,2022-05-22,Beauty,77.48,5,387.42,24.0,93.06,294.36,Regular,South,Mobile App,3.2,False,5,Q2,Sunday,True
TXN_001566,2022-09-28,Electronics,3107.34,2,6214.68,9.4,586.41,5628.27,Premium,North,Retail Store,5.0,True,9,Q3,Wednesday,False
TXN_001567,2023-05-07,Home & Garden,30.27,4,121.06,25.3,30.62,90.45,Budget,Central,Mobile App,2.5,False,5,Q2,Sunday,True
TXN_001568,2023-03-10,Home & Garden,176.6,4,706.4,12.6,88.68,617.72,Budget,North,Online,2.9,False,3,Q1,Friday,False
TXN_001569,2022-06-10,Books,51.58,4,206.33,9.6,19.75,186.59,Budget,Central,Retail Store,3.8,False,6,Q2,Friday,False
TXN_001570,2022-01-13,Beauty,41.95,6,251.67,7.7,19.28,232.39,Regular,Central,Retail Store,3.2,False,1,Q1,Thursday,False
TXN_001571,2022-03-17,Electronics,1104.06,1,1104.06,15.0,165.23,938.83,Budget,North,Mobile App,2.2,False,3,Q1,Thursday,False
TXN_001572,2022-08-07,Beauty,34.43,4,137.73,9.9,13.7,124.03,Budget,West,Mobile App,3.6,False,8,Q3,Sunday,True
TXN_001573,2023-08-22,Beauty,116.19,3,348.58,29.8,103.76,244.82,Regular,North,Mobile App,3.9,True,8,Q3,Tuesday,False
TXN_001574,2022-05-23,Home & Garden,31.83,3,95.49,4.1,3.9,91.58,Budget,North,Retail Store,4.3,False,5,Q2,Monday,False
TXN_001575,2023-03-25,Clothing,307.42,2,614.84,9.2,56.3,558.54,Regular,North,Online,3.6,False,3,Q1,Saturday,True
TXN_001576,2023-03-21,Books,12.89,4,51.56,14.6,7.53,44.03,Regular,North,Mobile App,5.0,True,3,Q1,Tuesday,False
TXN_001577,2022-06-10,Electronics,773.06,2,1546.12,14.6,225.19,1320.92,Regular,East,Online,4.8,True,6,Q2,Friday,False
TXN_001578,2023-10-09,Home & Garden,323.8,2,647.6,18.6,120.26,527.34,Budget,Central,Online,4.1,True,10,Q4,Monday,False
TXN_001579,2022-03-09,Books,41.58,7,291.07,14.5,42.22,248.85,Regular,North,Online,3.3,True,3,Q1,Wednesday,False
TXN_001580,2022-06-09,Sports,711.18,1,711.18,1.2,8.25,702.93,Premium,West,Retail Store,3.5,False,6,Q2,Thursday,False
TXN_001581,2023-05-09,Toys,58.28,7,407.97,9.6,39.14,368.83,Premium,North,Online,3.7,True,5,Q2,Tuesday,False
TXN_001582,2023-05-25,Clothing,218.4,4,873.61,16.0,139.66,733.95,Premium,South,Online,5.0,True,5,Q2,Thursday,False
TXN_001583,2023-12-26,Sports,64.52,3,193.55,7.7,14.96,178.59,Regular,Central,Retail Store,3.5,False,12,Q4,Tuesday,False
TXN_001584,2023-10-15,Clothing,515.73,2,1031.46,19.1,197.38,834.08,Premium,North,Online,3.8,False,10,Q4,Sunday,True
TXN_001585,2023-08-21,Sports,297.77,1,297.77,7.7,22.94,274.83,Budget,North,Retail Store,3.0,False,8,Q3,Monday,False
TXN_001586,2022-08-11,Electronics,1172.02,2,2344.05,6.7,156.27,2187.78,Regular,North,Online,3.8,False,8,Q3,Thursday,False
TXN_001587,2023-02-02,Clothing,22.49,2,44.99,11.8,5.33,39.66,Regular,Central,Retail Store,3.9,True,2,Q1,Thursday,False
TXN_001588,2022-08-27,Electronics,1664.06,2,3328.13,11.4,380.25,2947.88,Regular,North,Retail Store,3.5,False,8,Q3,Saturday,True
TXN_001589,2023-07-03,Beauty,83.16,2,166.32,6.5,10.76,155.57,Budget,West,Retail Store,1.7,False,7,Q3,Monday,False
TXN_001590,2022-12-31,Toys,54.13,6,324.78,24.4,79.23,245.55,Regular,South,Online,2.3,False,12,Q4,Saturday,True
TXN_001591,2023-08-18,Clothing,129.9,3,389.7,7.9,30.61,359.09,Premium,South,Retail Store,3.0,True,8,Q3,Friday,False
TXN_001592,2022-03-29,Electronics,353.63,3,1060.89,16.8,178.63,882.26,Regular,South,Online,2.9,False,3,Q1,Tuesday,False
TXN_001593,2022-05-05,Clothing,84.56,7,591.89,9.5,56.04,535.85,Premium,West,Online,3.4,False,5,Q2,Thursday,False
TXN_001594,2023-07-02,Toys,86.01,6,516.08,12.2,62.99,453.09,Regular,East,Online,2.8,False,7,Q3,Sunday,True
TXN_001595,2023-08-08,Toys,116.9,3,350.71,6.5,22.63,328.08,Regular,West,Mobile App,4.4,True,8,Q3,Tuesday,False
TXN_001596,2022-01-31,Toys,34.57,2,69.14,29.0,20.04,49.1,Budget,North,Mobile App,3.3,True,1,Q1,Monday,False
TXN_001597,2022-11-12,Home & Garden,145.26,6,871.53,29.7,259.18,612.35,Premium,East,Retail Store,2.3,False,11,Q4,Saturday,True
TXN_001598,2022-11-29,Electronics,4301.59,2,8603.17,39.9,3435.05,5168.12,Premium,South,Mobile App,5.0,True,11,Q4,Tuesday,False
TXN_001599,2022-09-18,Home & Garden,279.13,4,1116.52,9.6,107.39,1009.13,Budget,East,Retail Store,3.9,False,9,Q3,Sunday,True
TXN_001600,2022-08-07,Toys,35.31,1,35.31,12.5,4.41,30.9,Regular,West,Retail Store,2.9,False,8,Q3,Sunday,True
TXN_001601,2023-01-29,Toys,85.47,1,85.47,28.9,24.66,60.8,Premium,West,Mobile App,2.6,False,1,Q1,Sunday,True
TXN_001602,2022-04-08,Electronics,1415.32,1,1415.32,24.1,341.01,1074.31,Regular,West,Online,2.5,False,4,Q2,Friday,False
TXN_001603,2023-04-22,Books,37.58,1,37.58,14.6,5.49,32.09,Regular,Central,Retail Store,3.1,False,4,Q2,Saturday,True
TXN_001604,2022-10-04,Beauty,87.61,1,87.61,1.0,0.86,86.76,Regular,West,Retail Store,1.5,False,10,Q4,Tuesday,False
TXN_001605,2023-09-15,Toys,126.46,4,505.83,15.9,80.22,425.61,Regular,North,Mobile App,1.9,False,9,Q3,Friday,False
TXN_001606,2022-07-27,Sports,390.06,3,1170.17,18.5,216.12,954.06,Premium,North,Online,4.7,True,7,Q3,Wednesday,False
TXN_001607,2022-11-30,Books,51.03,7,357.19,25.3,90.29,266.9,Regular,South,Online,3.3,True,11,Q4,Wednesday,False
TXN_001608,2023-11-12,Clothing,125.35,2,250.69,20.7,51.99,198.7,Regular,Central,Retail Store,3.8,False,11,Q4,Sunday,True
TXN_001609,2023-04-18,Toys,42.9,7,300.31,9.9,29.66,270.65,Budget,West,Online,3.8,False,4,Q2,Tuesday,False
TXN_001610,2022-05-27,Clothing,116.95,2,233.9,16.8,39.25,194.65,Regular,Central,Online,3.9,False,5,Q2,Friday,False
TXN_001611,2022-02-07,Electronics,420.72,3,1262.16,14.8,186.86,1075.29,Regular,West,Retail Store,4.3,False,2,Q1,Monday,False
TXN_001612,2023-04-10,Clothing,418.14,1,418.14,11.9,49.59,368.55,Premium,Central,Retail Store,5.0,True,4,Q2,Monday,False
TXN_001613,2022-04-27,Toys,81.76,1,81.76,23.1,18.85,62.9,Budget,East,Online,4.1,False,4,Q2,Wednesday,False
TXN_001614,2022-01-09,Books,73.18,1,73.18,9.3,6.83,66.34,Regular,West,Online,4.3,True,1,Q1,Sunday,True
TXN_001615,2023-04-10,Sports,110.23,2,220.45,7.9,17.51,202.94,Regular,West,Retail Store,4.4,True,4,Q2,Monday,False
TXN_001616,2022-07-02,Books,16.48,3,49.43,18.3,9.07,40.36,Budget,West,Online,2.8,True,7,Q3,Saturday,True
TXN_001617,2023-10-02,Beauty,88.99,7,622.91,3.3,20.3,602.61,Premium,East,Online,3.9,False,10,Q4,Monday,False
TXN_001618,2022-08-18,Books,47.41,6,284.47,1.9,5.45,279.02,Budget,South,Online,2.8,False,8,Q3,Thursday,False
TXN_001619,2023-05-13,Beauty,79.86,3,239.57,9.0,21.46,218.12,Budget,Central,Retail Store,3.2,False,5,Q2,Saturday,True
TXN_001620,2023-11-12,Clothing,72.88,1,72.88,18.5,13.45,59.43,Budget,East,Retail Store,2.2,False,11,Q4,Sunday,True
TXN_001621,2023-02-27,Toys,42.38,1,42.38,5.5,2.34,40.03,Regular,Central,Retail Store,3.8,True,2,Q1,Monday,False
TXN_001622,2023-06-09,Clothing,217.21,2,434.42,19.4,84.28,350.14,Regular,Central,Online,3.4,False,6,Q2,Friday,False
TXN_001623,2022-03-15,Beauty,37.49,3,112.47,5.8,6.54,105.93,Budget,East,Retail Store,2.5,True,3,Q1,Tuesday,False
TXN_001624,2022-07-01,Clothing,10.97,7,76.81,10.6,8.13,68.68,Budget,East,Retail Store,3.2,False,7,Q3,Friday,False
TXN_001625,2022-02-21,Home & Garden,230.93,1,230.93,23.5,54.19,176.74,Budget,Central,Online,2.6,False,2,Q1,Monday,False
TXN_001626,2023-08-28,Clothing,67.84,7,474.85,7.6,36.22,438.63,Regular,North,Mobile App,4.6,True,8,Q3,Monday,False
TXN_001627,2022-08-27,Electronics,130.75,1,130.75,6.5,8.54,122.2,Premium,North,Mobile App,4.5,False,8,Q3,Saturday,True
TXN_001628,2022-05-25,Home & Garden,101.44,2,202.88,16.4,33.29,169.59,Budget,West,Mobile App,3.9,True,5,Q2,Wednesday,False
TXN_001629,2023-03-24,Beauty,43.06,5,215.31,11.2,24.04,191.27,Regular,South,Retail Store,3.3,False,3,Q1,Friday,False
TXN_001630,2023-10-31,Electronics,790.17,2,1580.34,4.6,72.74,1507.6,Budget,South,Retail Store,3.3,True,10,Q4,Tuesday,False
TXN_001631,2023-02-21,Clothing,94.15,4,376.58,25.0,93.96,282.62,Regular,North,Mobile App,2.3,True,2,Q1,Tuesday,False
TXN_001632,2023-07-20,Home & Garden,240.71,4,962.85,1.1,10.47,952.38,Premium,Central,Retail Store,4.3,False,7,Q3,Thursday,False
TXN_001633,2022-01-03,Books,83.67,1,83.67,18.8,15.71,67.97,Premium,West,Mobile App,3.0,True,1,Q1,Monday,False
TXN_001634,2023-02-24,Electronics,494.94,4,1979.78,9.2,181.22,1798.56,Premium,West,Retail Store,3.8,False,2,Q1,Friday,False
TXN_001635,2023-05-08,Electronics,338.38,4,1353.5,14.5,196.25,1157.25,Premium,South,Retail Store,3.7,False,5,Q2,Monday,False
TXN_001636,2022-05-21,Clothing,63.05,2,126.1,14.8,18.68,107.43,Regular,North,Retail Store,2.6,False,5,Q2,Saturday,True
TXN_001637,2022-02-26,Clothing,99.59,1,99.59,8.0,7.94,91.65,Budget,East,Retail Store,1.3,True,2,Q1,Saturday,True
TXN_001638,2023-05-16,Books,29.74,4,118.97,7.7,9.18,109.8,Budget,East,Mobile App,2.2,False,5,Q2,Tuesday,False
TXN_001639,2022-07-04,Beauty,336.22,1,336.22,6.4,21.65,314.57,Premium,West,Retail Store,4.0,False,7,Q3,Monday,False
TXN_001640,2022-01-18,Toys,44.86,7,314.04,9.9,31.03,283.01,Regular,North,Mobile App,4.8,True,1,Q1,Tuesday,False
TXN_001641,2022-05-13,Electronics,1854.11,1,1854.11,2.7,50.81,1803.29,Premium,North,Online,3.0,False,5,Q2,Friday,False
TXN_001642,2023-02-13,Home & Garden,650.37,2,1300.73,14.8,192.47,1108.26,Premium,East,Mobile App,3.5,False,2,Q1,Monday,False
TXN_001643,2023-03-22,Electronics,670.69,1,670.69,4.1,27.24,643.45,Budget,North,Online,3.7,False,3,Q1,Wednesday,False
TXN_001644,2023-07-05,Sports,523.75,2,1047.51,11.8,123.24,924.26,Regular,East,Retail Store,2.6,True,7,Q3,Wednesday,False
TXN_001645,2023-04-17,Beauty,68.83,3,206.49,4.5,9.25,197.24,Regular,South,Retail Store,3.4,True,4,Q2,Monday,False
TXN_001646,2022-08-13,Clothing,14.15,6,84.93,11.5,9.8,75.13,Budget,East,Online,5.0,False,8,Q3,Saturday,True
TXN_001647,2023-08-08,Toys,23.91,6,143.48,18.5,26.48,117.0,Regular,West,Online,2.9,False,8,Q3,Tuesday,False
TXN_001648,2023-02-18,Books,63.73,1,63.73,12.0,7.64,56.09,Regular,East,Online,4.5,False,2,Q1,Saturday,True
TXN_001649,2022-08-27,Beauty,78.12,2,156.24,0.6,0.91,155.32,Premium,East,Retail Store,5.0,False,8,Q3,Saturday,True
TXN_001650,2022-12-17,Beauty,38.6,6,231.62,30.2,69.9,161.73,Budget,Central,Online,4.7,True,12,Q4,Saturday,True
TXN_001651,2023-03-09,Electronics,776.34,1,776.34,27.2,211.2,565.14,Regular,East,Mobile App,3.2,False,3,Q1,Thursday,False
TXN_001652,2022-01-17,Beauty,228.86,1,228.86,11.2,25.56,203.3,Premium,East,Retail Store,5.0,True,1,Q1,Monday,False
TXN_001653,2023-07-20,Toys,118.0,2,236.0,23.6,55.62,180.39,Regular,North,Online,3.8,False,7,Q3,Thursday,False
TXN_001654,2023-04-09,Clothing,118.03,1,118.03,19.7,23.28,94.75,Regular,West,Online,2.3,False,4,Q2,Sunday,True
TXN_001655,2022-03-22,Toys,121.81,3,365.42,14.2,51.71,313.71,Regular,South,Mobile App,3.2,False,3,Q1,Tuesday,False
TXN_001656,2023-01-06,Electronics,259.52,1,259.52,6.8,17.58,241.94,Regular,North,Retail Store,3.3,False,1,Q1,Friday,False
TXN_001657,2023-12-03,Toys,41.25,7,288.77,25.8,74.37,214.4,Premium,West,Retail Store,5.0,False,12,Q4,Sunday,True
TXN_001658,2022-02-23,Electronics,158.85,3,476.56,24.8,118.26,358.3,Regular,North,Mobile App,2.5,False,2,Q1,Wednesday,False
TXN_001659,2022-05-03,Home & Garden,108.93,4,435.72,1.9,8.34,427.38,Budget,West,Retail Store,2.9,False,5,Q2,Tuesday,False
TXN_001660,2023-09-15,Toys,136.22,1,136.22,5.4,7.4,128.83,Regular,East,Online,2.0,False,9,Q3,Friday,False
TXN_001661,2022-10-27,Sports,45.69,3,137.06,16.6,22.69,114.37,Premium,North,Online,3.0,True,10,Q4,Thursday,False
TXN_001662,2023-01-11,Toys,58.36,3,175.07,12.4,21.65,153.42,Premium,Central,Online,3.8,True,1,Q1,Wednesday,False
TXN_001663,2022-10-25,Home & Garden,398.52,4,1594.06,5.9,93.69,1500.38,Premium,West,Mobile App,3.2,False,10,Q4,Tuesday,False
TXN_001664,2022-10-10,Beauty,120.55,2,241.11,13.3,32.02,209.09,Premium,North,Retail Store,3.1,False,10,Q4,Monday,False
TXN_001665,2023-03-25,Books,29.99,6,179.91,5.1,9.25,170.66,Regular,Central,Retail Store,3.4,False,3,Q1,Saturday,True
TXN_001666,2023-10-16,Toys,67.23,5,336.16,1.8,6.01,330.15,Budget,West,Online,3.1,False,10,Q4,Monday,False
TXN_001667,2023-06-14,Home & Garden,411.96,4,1647.84,14.4,236.54,1411.3,Premium,North,Retail Store,3.5,False,6,Q2,Wednesday,False
TXN_001668,2023-05-15,Home & Garden,74.76,6,448.56,1.6,7.13,441.44,Regular,Central,Retail Store,2.9,False,5,Q2,Monday,False
TXN_001669,2023-10-08,Sports,298.73,4,1194.91,9.2,109.97,1084.94,Regular,Central,Online,3.4,True,10,Q4,Sunday,True
TXN_001670,2022-01-12,Home & Garden,605.11,3,1815.32,4.3,78.35,1736.97,Premium,South,Online,4.9,True,1,Q1,Wednesday,False
TXN_001671,2023-01-06,Home & Garden,232.12,4,928.49,5.9,55.13,873.36,Regular,East,Online,4.0,False,1,Q1,Friday,False
TXN_001672,2022-07-24,Beauty,34.08,5,170.39,23.6,40.29,130.1,Premium,North,Online,2.7,True,7,Q3,Sunday,True
TXN_001673,2023-12-07,Home & Garden,228.56,4,914.23,15.9,145.1,769.13,Budget,South,Retail Store,4.1,True,12,Q4,Thursday,False
TXN_001674,2022-08-02,Clothing,110.66,2,221.31,16.7,36.91,184.4,Budget,South,Mobile App,2.2,False,8,Q3,Tuesday,False
TXN_001675,2023-06-02,Beauty,44.45,6,266.68,12.6,33.7,232.97,Regular,North,Mobile App,3.8,True,6,Q2,Friday,False
TXN_001676,2022-03-26,Beauty,111.53,4,446.12,19.3,86.07,360.06,Regular,Central,Mobile App,4.8,False,3,Q1,Saturday,True
TXN_001677,2023-05-30,Electronics,1159.71,1,1159.71,24.4,282.54,877.17,Budget,East,Online,3.0,True,5,Q2,Tuesday,False
TXN_001678,2023-08-01,Toys,18.56,6,111.36,10.1,11.25,100.1,Regular,North,Retail Store,3.5,True,8,Q3,Tuesday,False
TXN_001679,2022-09-03,Beauty,76.46,1,76.46,0.2,0.15,76.31,Budget,Central,Online,4.3,True,9,Q3,Saturday,True
TXN_001680,2023-11-21,Beauty,135.72,3,407.15,29.7,120.83,286.32,Regular,Central,Online,2.0,False,11,Q4,Tuesday,False
TXN_001681,2023-04-21,Electronics,1154.01,2,2308.01,3.9,90.97,2217.04,Budget,West,Online,3.6,False,4,Q2,Friday,False
TXN_001682,2022-05-16,Toys,139.11,3,417.32,24.9,104.03,313.3,Regular,West,Mobile App,2.6,False,5,Q2,Monday,False
TXN_001683,2022-07-29,Electronics,95.21,1,95.21,14.4,13.71,81.5,Budget,North,Mobile App,4.1,False,7,Q3,Friday,False
TXN_001684,2022-01-26,Clothing,113.56,1,113.56,11.4,12.97,100.59,Regular,East,Mobile App,3.1,False,1,Q1,Wednesday,False
TXN_001685,2023-01-06,Home & Garden,110.46,4,441.83,10.4,45.8,396.03,Budget,West,Online,4.8,False,1,Q1,Friday,False
TXN_001686,2023-02-24,Electronics,264.39,3,793.18,12.2,96.95,696.23,Regular,North,Mobile App,4.3,True,2,Q1,Friday,False
TXN_001687,2023-01-25,Sports,205.27,4,821.09,7.2,59.07,762.02,Regular,East,Online,3.3,True,1,Q1,Wednesday,False
TXN_001688,2022-05-24,Toys,154.76,3,464.29,13.2,61.32,402.97,Premium,North,Mobile App,5.0,True,5,Q2,Tuesday,False
TXN_001689,2022-05-18,Books,60.71,3,182.12,5.9,10.66,171.46,Regular,East,Online,2.5,False,5,Q2,Wednesday,False
TXN_001690,2022-04-23,Toys,43.06,4,172.26,8.1,13.87,158.39,Regular,West,Retail Store,2.7,False,4,Q2,Saturday,True
TXN_001691,2022-03-31,Clothing,73.17,7,512.2,4.6,23.52,488.67,Budget,Central,Retail Store,3.5,True,3,Q1,Thursday,False
TXN_001692,2023-06-10,Books,41.63,1,41.63,17.0,7.06,34.57,Regular,East,Mobile App,2.9,True,6,Q2,Saturday,True
TXN_001693,2023-07-30,Beauty,143.97,4,575.88,12.4,71.63,504.26,Regular,South,Mobile App,5.0,True,7,Q3,Sunday,True
TXN_001694,2023-07-09,Books,31.15,6,186.92,13.6,25.33,161.59,Regular,South,Online,4.9,True,7,Q3,Sunday,True
TXN_001695,2023-07-10,Toys,8.79,3,26.38,4.5,1.19,25.19,Budget,East,Retail Store,3.3,True,7,Q3,Monday,False
TXN_001696,2022-12-24,Clothing,200.52,4,802.06,18.0,144.74,657.32,Regular,West,Mobile App,4.8,True,12,Q4,Saturday,True
TXN_001697,2023-09-26,Home & Garden,645.82,4,2583.28,8.7,224.63,2358.65,Premium,East,Online,5.0,True,9,Q3,Tuesday,False
TXN_001698,2022-09-27,Sports,241.32,4,965.28,2.2,21.53,943.75,Budget,Central,Retail Store,3.1,False,9,Q3,Tuesday,False
TXN_001699,2023-09-29,Toys,47.61,6,285.69,6.0,17.11,268.58,Regular,South,Retail Store,2.8,False,9,Q3,Friday,False
TXN_001700,2022-05-04,Electronics,474.51,3,1423.53,15.1,214.49,1209.03,Regular,West,Online,3.1,True,5,Q2,Wednesday,False
TXN_001701,2023-07-04,Beauty,135.26,1,135.26,23.8,32.23,103.03,Budget,North,Online,1.7,True,7,Q3,Tuesday,False
TXN_001702,2022-01-26,Home & Garden,575.47,4,2301.89,20.7,475.71,1826.17,Premium,North,Online,3.5,True,1,Q1,Wednesday,False
TXN_001703,2022-09-09,Toys,108.88,4,435.52,29.5,128.69,306.83,Regular,Central,Mobile App,4.4,True,9,Q3,Friday,False
TXN_001704,2022-01-15,Electronics,2163.66,1,2163.66,5.9,127.6,2036.06,Premium,Central,Online,4.7,True,1,Q1,Saturday,True
TXN_001705,2022-09-03,Toys,113.12,4,452.47,13.9,62.68,389.79,Regular,North,Retail Store,4.6,True,9,Q3,Saturday,True
TXN_001706,2023-09-07,Clothing,310.72,2,621.44,5.1,31.46,589.98,Regular,East,Retail Store,3.5,False,9,Q3,Thursday,False
TXN_001707,2022-11-08,Electronics,1825.32,1,1825.32,17.3,315.6,1509.72,Budget,Central,Retail Store,3.8,False,11,Q4,Tuesday,False
TXN_001708,2023-08-04,Beauty,43.3,5,216.52,0.4,0.94,215.58,Budget,East,Online,2.3,False,8,Q3,Friday,False
TXN_001709,2022-04-21,Sports,252.05,4,1008.19,16.8,169.81,838.38,Regular,North,Online,4.3,True,4,Q2,Thursday,False
TXN_001710,2022-08-10,Clothing,102.9,3,308.69,10.6,32.62,276.07,Regular,West,Mobile App,2.5,True,8,Q3,Wednesday,False
TXN_001711,2023-12-28,Clothing,93.07,3,279.2,23.0,64.31,214.89,Budget,East,Online,3.2,True,12,Q4,Thursday,False
TXN_001712,2022-02-05,Clothing,219.99,4,879.97,19.6,172.41,707.55,Regular,South,Online,2.6,False,2,Q1,Saturday,True
TXN_001713,2022-04-20,Sports,301.49,2,602.98,14.6,87.76,515.22,Regular,South,Retail Store,3.9,False,4,Q2,Wednesday,False
TXN_001714,2023-10-18,Sports,218.7,4,874.81,24.6,215.53,659.28,Premium,West,Online,4.7,True,10,Q4,Wednesday,False
TXN_001715,2023-07-18,Home & Garden,292.16,3,876.49,6.4,56.53,819.96,Regular,North,Mobile App,4.0,False,7,Q3,Tuesday,False
TXN_001716,2022-09-12,Beauty,161.76,4,647.05,18.7,121.3,525.75,Regular,West,Online,3.5,False,9,Q3,Monday,False
TXN_001717,2022-12-19,Books,33.42,6,200.54,14.2,28.53,172.01,Premium,West,Mobile App,2.7,True,12,Q4,Monday,False
TXN_001718,2023-07-07,Sports,257.69,3,773.06,13.1,101.25,671.81,Premium,Central,Retail Store,2.8,True,7,Q3,Friday,False
TXN_001719,2023-06-08,Books,57.06,1,57.06,10.3,5.89,51.17,Regular,South,Online,2.6,False,6,Q2,Thursday,False
TXN_001720,2022-09-01,Beauty,195.18,4,780.72,8.5,65.99,714.73,Regular,West,Online,3.8,False,9,Q3,Thursday,False
TXN_001721,2022-10-30,Toys,125.93,5,629.63,19.5,122.57,507.06,Premium,North,Online,5.0,True,10,Q4,Sunday,True
TXN_001722,2022-12-23,Beauty,139.91,3,419.74,28.1,117.87,301.87,Budget,North,Online,4.0,False,12,Q4,Friday,False
TXN_001723,2024-01-01,Sports,155.4,4,621.62,4.5,28.03,593.59,Regular,Central,Retail Store,3.0,False,1,Q1,Monday,False
TXN_001724,2023-11-13,Beauty,145.26,2,290.52,12.9,37.59,252.93,Regular,Central,Online,4.1,True,11,Q4,Monday,False
TXN_001725,2022-04-30,Home & Garden,470.45,4,1881.81,9.0,168.45,1713.35,Regular,West,Mobile App,4.6,True,4,Q2,Saturday,True
TXN_001726,2022-04-10,Sports,36.59,2,73.19,16.8,12.33,60.86,Budget,South,Online,3.0,True,4,Q2,Sunday,True
TXN_001727,2022-12-26,Sports,136.7,4,546.82,37.9,207.27,339.55,Regular,East,Mobile App,4.1,True,12,Q4,Monday,False
TXN_001728,2022-07-18,Beauty,102.75,2,205.51,13.4,27.49,178.02,Budget,East,Retail Store,5.0,True,7,Q3,Monday,False
TXN_001729,2023-01-25,Clothing,139.03,6,834.2,12.6,105.28,728.92,Premium,South,Online,3.5,True,1,Q1,Wednesday,False
TXN_001730,2022-10-06,Sports,206.77,2,413.53,10.8,44.73,368.8,Regular,North,Online,4.1,True,10,Q4,Thursday,False
TXN_001731,2022-11-09,Beauty,106.13,4,424.53,38.1,161.69,262.84,Regular,East,Mobile App,2.9,False,11,Q4,Wednesday,False
TXN_001732,2022-06-16,Home & Garden,442.89,4,1771.56,3.9,68.99,1702.57,Regular,East,Retail Store,3.6,False,6,Q2,Thursday,False
TXN_001733,2022-04-14,Beauty,163.2,5,816.01,13.1,106.54,709.47,Premium,East,Online,4.4,True,4,Q2,Thursday,False
TXN_001734,2022-01-14,Books,58.79,2,117.58,10.2,12.03,105.55,Budget,East,Online,3.1,False,1,Q1,Friday,False
TXN_001735,2022-10-27,Toys,63.57,3,190.71,13.7,26.04,164.67,Regular,West,Online,4.8,True,10,Q4,Thursday,False
TXN_001736,2023-01-16,Clothing,28.24,5,141.18,17.4,24.5,116.68,Regular,North,Online,3.3,False,1,Q1,Monday,False
TXN_001737,2023-12-20,Books,22.94,1,22.94,26.8,6.14,16.8,Premium,South,Online,4.6,False,12,Q4,Wednesday,False
TXN_001738,2023-05-03,Beauty,163.43,2,326.87,23.6,77.18,249.69,Budget,North,Mobile App,3.9,True,5,Q2,Wednesday,False
TXN_001739,2023-10-13,Beauty,223.96,3,671.88,11.7,78.33,593.55,Premium,South,Online,3.5,False,10,Q4,Friday,False
TXN_001740,2023-11-26,Beauty,130.7,1,130.7,31.6,41.24,89.46,Regular,Central,Mobile App,3.7,False,11,Q4,Sunday,True
TXN_001741,2022-07-03,Books,79.12,5,395.61,5.4,21.25,374.36,Regular,South,Online,3.1,False,7,Q3,Sunday,True
TXN_001742,2023-07-05,Sports,139.32,2,278.64,8.7,24.16,254.48,Regular,North,Retail Store,2.3,True,7,Q3,Wednesday,False
TXN_001743,2023-01-13,Home & Garden,126.57,4,506.29,3.8,19.44,486.85,Regular,South,Retail Store,4.2,True,1,Q1,Friday,False
TXN_001744,2022-08-31,Beauty,121.18,1,121.18,11.3,13.64,107.54,Regular,West,Online,2.9,True,8,Q3,Wednesday,False
TXN_001745,2023-06-26,Toys,13.08,5,65.38,26.5,17.33,48.05,Regular,West,Mobile App,3.7,False,6,Q2,Monday,False
TXN_001746,2022-11-16,Toys,33.41,6,200.45,20.1,40.23,160.21,Regular,North,Retail Store,3.2,True,11,Q4,Wednesday,False
TXN_001747,2022-09-29,Electronics,98.5,7,689.49,10.3,70.99,618.5,Regular,East,Retail Store,2.6,False,9,Q3,Thursday,False
TXN_001748,2022-08-16,Books,20.87,3,62.6,9.3,5.81,56.8,Premium,East,Retail Store,4.3,True,8,Q3,Tuesday,False
TXN_001749,2023-01-29,Toys,75.56,4,302.23,12.2,36.86,265.37,Regular,North,Retail Store,3.6,False,1,Q1,Sunday,True
TXN_001750,2022-06-11,Clothing,184.6,4,738.39,14.8,109.04,629.36,Regular,North,Retail Store,4.7,False,6,Q2,Saturday,True
TXN_001751,2023-03-28,Electronics,738.16,1,738.16,8.7,63.88,674.28,Regular,West,Retail Store,4.9,True,3,Q1,Tuesday,False
TXN_001752,2023-03-08,Books,80.0,6,480.01,5.2,24.75,455.27,Premium,North,Online,3.0,False,3,Q1,Wednesday,False
TXN_001753,2022-05-11,Sports,262.68,3,788.03,11.0,86.29,701.74,Premium,West,Retail Store,3.1,False,5,Q2,Wednesday,False
TXN_001754,2023-06-30,Home & Garden,121.39,1,121.39,11.0,13.39,108.0,Budget,East,Online,3.2,False,6,Q2,Friday,False
TXN_001755,2022-08-30,Toys,63.46,5,317.31,22.4,71.14,246.17,Budget,North,Mobile App,1.3,False,8,Q3,Tuesday,False
TXN_001756,2022-04-19,Books,31.69,1,31.69,19.8,6.29,25.41,Budget,Central,Online,3.3,False,4,Q2,Tuesday,False
TXN_001757,2023-09-11,Sports,438.62,3,1315.85,9.6,125.98,1189.87,Premium,South,Mobile App,4.4,False,9,Q3,Monday,False
TXN_001758,2022-08-31,Books,62.14,7,435.01,8.8,38.17,396.84,Regular,Central,Mobile App,3.3,False,8,Q3,Wednesday,False
TXN_001759,2022-04-21,Beauty,185.59,2,371.18,19.0,70.5,300.69,Regular,North,Online,2.2,False,4,Q2,Thursday,False
TXN_001760,2023-07-25,Home & Garden,277.19,1,277.19,13.6,37.77,239.42,Budget,East,Retail Store,3.5,False,7,Q3,Tuesday,False
TXN_001761,2022-08-16,Electronics,474.99,1,474.99,9.2,43.68,431.31,Budget,South,Retail Store,2.0,False,8,Q3,Tuesday,False
TXN_001762,2023-08-11,Toys,85.79,4,343.18,7.2,24.65,318.53,Budget,Central,Online,4.1,True,8,Q3,Friday,False
TXN_001763,2022-04-28,Clothing,200.0,1,200.0,2.6,5.22,194.78,Budget,West,Retail Store,2.8,False,4,Q2,Thursday,False
TXN_001764,2022-07-17,Books,32.93,2,65.85,6.1,4.02,61.83,Budget,North,Retail Store,4.0,False,7,Q3,Sunday,True
TXN_001765,2023-11-15,Books,112.48,6,674.86,6.5,44.12,630.74,Premium,South,Retail Store,4.1,True,11,Q4,Wednesday,False
TXN_001766,2023-05-26,Toys,12.11,6,72.65,14.8,10.76,61.89,Budget,North,Online,2.6,False,5,Q2,Friday,False
TXN_001767,2022-05-17,Clothing,154.18,1,154.18,3.5,5.45,148.73,Budget,West,Online,3.3,False,5,Q2,Tuesday,False
TXN_001768,2022-07-28,Beauty,308.42,1,308.42,15.5,47.91,260.51,Premium,North,Mobile App,4.1,False,7,Q3,Thursday,False
TXN_001769,2022-08-31,Electronics,1288.74,1,1288.74,9.5,122.03,1166.71,Regular,North,Online,3.3,False,8,Q3,Wednesday,False
TXN_001770,2022-12-13,Clothing,82.55,7,577.84,31.5,182.23,395.61,Regular,West,Online,2.2,False,12,Q4,Tuesday,False
TXN_001771,2023-10-02,Electronics,804.24,2,1608.48,23.9,384.67,1223.81,Regular,West,Mobile App,4.0,True,10,Q4,Monday,False
TXN_001772,2022-11-12,Clothing,162.57,2,325.15,33.4,108.69,216.45,Regular,West,Online,4.7,True,11,Q4,Saturday,True
TXN_001773,2022-01-17,Home & Garden,452.19,4,1808.77,16.2,293.51,1515.26,Premium,Central,Mobile App,3.6,False,1,Q1,Monday,False
TXN_001774,2022-06-26,Beauty,177.13,3,531.38,21.6,114.86,416.53,Premium,Central,Mobile App,3.6,False,6,Q2,Sunday,True
TXN_001775,2023-03-19,Clothing,169.03,2,338.05,23.4,78.96,259.09,Budget,East,Mobile App,2.4,False,3,Q1,Sunday,True
TXN_001776,2022-05-18,Clothing,149.69,3,449.06,4.1,18.46,430.61,Budget,East,Online,3.6,True,5,Q2,Wednesday,False
TXN_001777,2022-12-08,Toys,76.85,4,307.41,23.6,72.51,234.9,Regular,South,Online,3.5,False,12,Q4,Thursday,False
TXN_001778,2023-05-05,Electronics,1227.03,1,1227.03,20.7,253.67,973.37,Budget,North,Mobile App,4.3,False,5,Q2,Friday,False
TXN_001779,2023-08-20,Clothing,233.78,3,701.33,22.8,159.85,541.48,Regular,South,Online,3.9,False,8,Q3,Sunday,True
TXN_001780,2022-05-23,Toys,58.65,2,117.29,18.6,21.81,95.48,Budget,West,Online,3.1,False,5,Q2,Monday,False
TXN_001781,2023-05-30,Beauty,143.89,4,575.57,1.5,8.59,566.98,Regular,West,Retail Store,3.8,False,5,Q2,Tuesday,False
TXN_001782,2022-01-10,Home & Garden,193.59,2,387.17,7.4,28.71,358.46,Regular,Central,Online,3.3,True,1,Q1,Monday,False
TXN_001783,2022-04-08,Toys,91.77,3,275.31,23.9,65.92,209.39,Budget,Central,Online,3.5,False,4,Q2,Friday,False
TXN_001784,2022-05-23,Toys,62.68,6,376.05,16.0,60.02,316.03,Budget,West,Mobile App,4.0,False,5,Q2,Monday,False
TXN_001785,2022-06-18,Clothing,176.2,1,176.2,14.5,25.61,150.59,Regular,North,Retail Store,3.2,False,6,Q2,Saturday,True
TXN_001786,2022-09-17,Home & Garden,361.09,4,1444.35,9.8,140.87,1303.48,Regular,North,Mobile App,3.2,False,9,Q3,Saturday,True
TXN_001787,2023-01-05,Sports,261.08,1,261.08,12.5,32.61,228.47,Regular,South,Retail Store,3.3,False,1,Q1,Thursday,False
TXN_001788,2023-07-15,Beauty,105.93,3,317.79,5.7,18.13,299.66,Premium,South,Retail Store,4.7,True,7,Q3,Saturday,True
TXN_001789,2023-03-07,Sports,106.9,3,320.71,23.3,74.59,246.12,Premium,North,Online,3.2,False,3,Q1,Tuesday,False
TXN_001790,2022-12-18,Electronics,578.15,1,578.15,30.8,178.0,400.14,Premium,Central,Online,4.6,True,12,Q4,Sunday,True
TXN_001791,2022-02-28,Electronics,692.08,1,692.08,18.2,125.73,566.35,Budget,West,Online,3.7,False,2,Q1,Monday,False
TXN_001792,2023-02-23,Home & Garden,169.55,1,169.55,20.5,34.72,134.83,Regular,North,Mobile App,3.8,False,2,Q1,Thursday,False
TXN_001793,2022-12-06,Sports,221.65,4,886.62,31.3,277.58,609.04,Regular,West,Mobile App,2.3,False,12,Q4,Tuesday,False
TXN_001794,2022-11-25,Sports,292.16,1,292.16,11.1,32.3,259.86,Premium,Central,Retail Store,3.7,False,11,Q4,Friday,False
TXN_001795,2022-08-28,Books,10.25,2,20.5,10.8,2.22,18.28,Budget,East,Retail Store,3.8,True,8,Q3,Sunday,True
TXN_001796,2023-08-29,Toys,48.93,7,342.49,24.9,85.14,257.36,Regular,Central,Online,1.9,True,8,Q3,Tuesday,False
TXN_001797,2022-12-24,Clothing,173.93,3,521.79,9.7,50.41,471.38,Regular,West,Retail Store,3.2,True,12,Q4,Saturday,True
TXN_001798,2023-08-19,Beauty,19.92,2,39.84,7.8,3.11,36.73,Budget,East,Mobile App,4.0,True,8,Q3,Saturday,True
TXN_001799,2022-12-02,Home & Garden,343.2,1,343.2,26.4,90.48,252.71,Regular,Central,Online,3.7,False,12,Q4,Friday,False
TXN_001800,2023-11-10,Books,54.66,6,327.94,20.4,66.9,261.04,Premium,North,Retail Store,3.1,False,11,Q4,Friday,False
TXN_001801,2023-10-27,Clothing,75.43,6,452.61,6.0,27.2,425.41,Budget,East,Retail Store,3.1,False,10,Q4,Friday,False
TXN_001802,2022-09-15,Books,45.75,3,137.24,17.0,23.34,113.9,Budget,South,Online,3.5,True,9,Q3,Thursday,False
TXN_001803,2023-02-03,Beauty,187.75,3,563.24,17.9,100.98,462.26,Regular,South,Online,3.1,False,2,Q1,Friday,False
TXN_001804,2022-03-10,Clothing,68.82,6,412.94,19.8,81.61,331.33,Regular,West,Online,3.1,False,3,Q1,Thursday,False
TXN_001805,2023-01-15,Clothing,109.75,4,438.99,12.5,54.82,384.17,Regular,North,Retail Store,4.8,False,1,Q1,Sunday,True
TXN_001806,2023-11-18,Electronics,1272.22,1,1272.22,32.7,415.91,856.32,Budget,South,Online,3.2,False,11,Q4,Saturday,True
TXN_001807,2022-06-05,Home & Garden,182.45,3,547.36,13.1,71.91,475.44,Budget,Central,Online,4.3,True,6,Q2,Sunday,True
TXN_001808,2022-04-06,Sports,289.95,3,869.85,10.1,87.91,781.94,Premium,Central,Online,4.5,False,4,Q2,Wednesday,False
TXN_001809,2023-09-18,Clothing,72.47,5,362.34,7.4,26.71,335.62,Premium,South,Retail Store,4.7,False,9,Q3,Monday,False
TXN_001810,2023-05-18,Toys,73.12,6,438.72,3.0,13.04,425.68,Regular,South,Retail Store,2.7,True,5,Q2,Thursday,False
TXN_001811,2023-04-19,Books,46.92,1,46.92,8.0,3.74,43.17,Budget,South,Online,3.6,False,4,Q2,Wednesday,False
TXN_001812,2023-04-09,Books,69.01,1,69.01,24.0,16.58,52.43,Regular,East,Online,2.1,False,4,Q2,Sunday,True
TXN_001813,2022-12-27,Beauty,81.67,4,326.69,18.0,58.78,267.92,Regular,West,Online,5.0,True,12,Q4,Tuesday,False
TXN_001814,2022-01-02,Beauty,164.81,2,329.62,9.1,30.12,299.5,Regular,West,Retail Store,3.5,False,1,Q1,Sunday,True
TXN_001815,2022-12-18,Clothing,150.75,1,150.75,7.8,11.82,138.93,Regular,Central,Retail Store,3.9,False,12,Q4,Sunday,True
TXN_001816,2022-01-07,Beauty,158.77,3,476.32,7.5,35.63,440.69,Regular,North,Retail Store,3.1,False,1,Q1,Friday,False
TXN_001817,2023-01-06,Beauty,140.59,2,281.17,13.7,38.66,242.52,Premium,Central,Online,5.0,True,1,Q1,Friday,False
TXN_001818,2022-12-26,Books,40.69,2,81.39,24.9,20.28,61.11,Premium,Central,Mobile App,4.0,True,12,Q4,Monday,False
TXN_001819,2023-01-20,Books,18.84,7,131.89,9.2,12.07,119.82,Budget,Central,Online,3.9,False,1,Q1,Friday,False
TXN_001820,2022-08-15,Electronics,743.34,2,1486.68,6.9,102.81,1383.87,Budget,Central,Retail Store,4.7,True,8,Q3,Monday,False
TXN_001821,2023-01-25,Clothing,157.8,4,631.19,5.1,32.16,599.03,Budget,South,Online,2.3,False,1,Q1,Wednesday,False
TXN_001822,2023-05-21,Home & Garden,348.81,2,697.61,12.0,83.71,613.91,Regular,North,Online,4.2,False,5,Q2,Sunday,True
TXN_001823,2023-06-12,Home & Garden,572.35,2,1144.7,11.9,136.21,1008.48,Premium,South,Online,4.7,False,6,Q2,Monday,False
TXN_001824,2023-04-05,Electronics,892.2,2,1784.41,2.1,37.84,1746.57,Budget,Central,Retail Store,4.4,True,4,Q2,Wednesday,False
TXN_001825,2022-12-26,Home & Garden,360.55,1,360.55,22.2,80.02,280.53,Budget,South,Mobile App,4.0,True,12,Q4,Monday,False
TXN_001826,2023-06-22,Home & Garden,369.18,3,1107.53,9.7,107.23,1000.31,Premium,North,Online,5.0,True,6,Q2,Thursday,False
TXN_001827,2022-07-08,Beauty,184.9,2,369.81,2.0,7.53,362.28,Premium,East,Retail Store,4.0,False,7,Q3,Friday,False
TXN_001828,2022-04-08,Books,74.65,2,149.3,2.0,3.05,146.25,Regular,South,Online,1.9,False,4,Q2,Friday,False
TXN_001829,2023-08-31,Books,47.38,3,142.13,11.7,16.65,125.48,Budget,South,Retail Store,1.6,False,8,Q3,Thursday,False
TXN_001830,2023-04-15,Toys,105.07,5,525.33,13.2,69.28,456.05,Premium,South,Online,3.8,False,4,Q2,Saturday,True
TXN_001831,2022-04-06,Sports,43.21,6,259.27,11.6,30.12,229.15,Regular,East,Online,3.0,False,4,Q2,Wednesday,False
TXN_001832,2022-11-27,Sports,19.62,3,58.87,32.4,19.05,39.82,Budget,South,Online,3.3,True,11,Q4,Sunday,True
TXN_001833,2023-08-27,Books,31.79,6,190.73,7.5,14.33,176.4,Regular,Central,Retail Store,4.3,True,8,Q3,Sunday,True
TXN_001834,2022-09-16,Clothing,119.86,2,239.71,3.5,8.35,231.36,Budget,West,Online,3.4,True,9,Q3,Friday,False
TXN_001835,2023-11-07,Books,36.62,7,256.34,26.7,68.45,187.89,Regular,South,Retail Store,4.6,False,11,Q4,Tuesday,False
TXN_001836,2022-07-04,Toys,93.14,2,186.29,1.3,2.49,183.79,Regular,West,Retail Store,3.6,True,7,Q3,Monday,False
TXN_001837,2022-08-04,Sports,80.98,5,404.92,28.3,114.65,290.26,Regular,Central,Mobile App,3.7,False,8,Q3,Thursday,False
TXN_001838,2022-04-18,Beauty,125.28,2,250.56,10.8,27.14,223.41,Regular,West,Retail Store,4.8,False,4,Q2,Monday,False
TXN_001839,2023-04-14,Toys,54.46,4,217.86,18.0,39.14,178.72,Budget,North,Mobile App,3.1,False,4,Q2,Friday,False
TXN_001840,2023-08-31,Beauty,198.79,1,198.79,17.4,34.5,164.3,Regular,West,Mobile App,3.9,False,8,Q3,Thursday,False
TXN_001841,2023-01-24,Sports,145.85,2,291.7,5.3,15.54,276.15,Regular,South,Retail Store,3.4,True,1,Q1,Tuesday,False
TXN_001842,2022-06-28,Home & Garden,290.84,1,290.84,9.0,26.26,264.57,Budget,East,Retail Store,3.6,False,6,Q2,Tuesday,False
TXN_001843,2023-05-30,Toys,94.42,4,377.66,10.9,41.24,336.43,Budget,North,Retail Store,2.5,False,5,Q2,Tuesday,False
TXN_001844,2022-03-20,Clothing,131.4,1,131.4,16.3,21.43,109.97,Budget,Central,Online,3.1,False,3,Q1,Sunday,True
TXN_001845,2023-02-15,Electronics,1170.81,1,1170.81,17.7,207.2,963.61,Regular,West,Online,4.1,True,2,Q1,Wednesday,False
TXN_001846,2022-01-16,Sports,177.12,2,354.23,19.6,69.53,284.71,Budget,North,Online,2.8,True,1,Q1,Sunday,True
TXN_001847,2023-07-23,Electronics,878.88,2,1757.77,9.2,162.12,1595.65,Regular,East,Online,4.7,False,7,Q3,Sunday,True
TXN_001848,2022-03-08,Sports,149.28,2,298.56,0.8,2.46,296.1,Regular,West,Online,2.9,False,3,Q1,Tuesday,False
TXN_001849,2023-12-15,Sports,316.96,3,950.87,25.6,243.17,707.71,Regular,North,Retail Store,5.0,True,12,Q4,Friday,False
TXN_001850,2022-06-14,Sports,278.06,2,556.11,12.2,67.92,488.19,Regular,South,Online,4.4,False,6,Q2,Tuesday,False
TXN_001851,2022-10-20,Books,36.26,6,217.56,3.7,7.95,209.61,Premium,West,Online,4.8,True,10,Q4,Thursday,False
TXN_001852,2022-10-08,Beauty,49.99,4,199.94,7.4,14.82,185.12,Premium,East,Mobile App,3.2,False,10,Q4,Saturday,True
TXN_001853,2023-12-20,Electronics,288.43,4,1153.72,19.2,221.94,931.78,Budget,North,Retail Store,2.9,False,12,Q4,Wednesday,False
TXN_001854,2023-04-27,Beauty,104.86,3,314.59,8.8,27.61,286.98,Regular,East,Online,3.8,False,4,Q2,Thursday,False
TXN_001855,2022-12-06,Home & Garden,99.47,7,696.26,29.2,203.19,493.07,Regular,West,Online,3.7,False,12,Q4,Tuesday,False
TXN_001856,2022-06-26,Sports,179.1,4,716.39,23.6,168.82,547.56,Budget,South,Online,3.4,False,6,Q2,Sunday,True
TXN_001857,2022-09-16,Toys,16.04,1,16.04,12.4,1.98,14.05,Premium,North,Mobile App,2.0,False,9,Q3,Friday,False
TXN_001858,2023-04-24,Books,19.57,2,39.15,2.0,0.77,38.37,Budget,South,Retail Store,2.3,False,4,Q2,Monday,False
TXN_001859,2022-04-02,Beauty,53.99,5,269.97,9.9,26.65,243.32,Premium,Central,Retail Store,3.9,False,4,Q2,Saturday,True
TXN_001860,2023-11-25,Beauty,76.72,4,306.86,8.4,25.84,281.02,Regular,West,Retail Store,2.4,False,11,Q4,Saturday,True
TXN_001861,2023-03-14,Toys,158.92,1,158.92,12.5,19.91,139.01,Premium,West,Mobile App,3.6,False,3,Q1,Tuesday,False
TXN_001862,2022-09-22,Toys,158.64,1,158.64,13.7,21.79,136.85,Premium,Central,Mobile App,4.6,True,9,Q3,Thursday,False
TXN_001863,2022-04-02,Books,32.03,4,128.12,15.4,19.7,108.42,Budget,East,Online,3.1,True,4,Q2,Saturday,True
TXN_001864,2023-02-05,Toys,173.91,2,347.82,10.0,34.79,313.02,Premium,Central,Retail Store,3.3,False,2,Q1,Sunday,True
TXN_001865,2023-07-01,Clothing,142.29,4,569.14,11.7,66.46,502.68,Regular,East,Online,3.9,False,7,Q3,Saturday,True
TXN_001866,2022-08-02,Beauty,47.39,3,142.17,11.4,16.18,125.99,Regular,Central,Mobile App,3.3,False,8,Q3,Tuesday,False
TXN_001867,2022-12-13,Clothing,157.37,3,472.12,14.1,66.73,405.39,Regular,South,Retail Store,2.6,False,12,Q4,Tuesday,False
TXN_001868,2022-05-06,Electronics,158.01,1,158.01,9.4,14.87,143.14,Regular,Central,Retail Store,3.7,False,5,Q2,Friday,False
TXN_001869,2022-06-18,Electronics,946.35,2,1892.71,22.6,428.22,1464.49,Regular,South,Online,3.3,False,6,Q2,Saturday,True
TXN_001870,2023-01-31,Sports,163.23,3,489.68,15.8,77.22,412.47,Premium,South,Mobile App,4.4,True,1,Q1,Tuesday,False
TXN_001871,2022-02-26,Beauty,55.5,5,277.49,24.8,68.71,208.78,Regular,Central,Online,3.4,True,2,Q1,Saturday,True
TXN_001872,2023-11-03,Home & Garden,265.69,1,265.69,26.4,70.04,195.65,Budget,West,Retail Store,3.6,True,11,Q4,Friday,False
TXN_001873,2022-11-08,Beauty,44.4,1,44.4,36.8,16.33,28.07,Regular,West,Mobile App,4.3,True,11,Q4,Tuesday,False
TXN_001874,2022-06-11,Sports,196.62,3,589.86,23.9,141.2,448.66,Regular,West,Online,3.8,False,6,Q2,Saturday,True
TXN_001875,2022-12-24,Home & Garden,549.01,3,1647.04,21.9,361.15,1285.89,Premium,West,Retail Store,2.9,False,12,Q4,Saturday,True
TXN_001876,2023-09-11,Clothing,183.35,2,366.69,17.4,63.65,303.04,Budget,North,Online,2.7,False,9,Q3,Monday,False
TXN_001877,2022-12-25,Clothing,35.35,2,70.71,19.7,13.96,56.75,Budget,South,Retail Store,2.7,True,12,Q4,Sunday,True
TXN_001878,2023-11-05,Sports,265.71,2,531.41,7.7,41.0,490.42,Budget,North,Retail Store,3.3,False,11,Q4,Sunday,True
TXN_001879,2022-05-29,Beauty,65.99,1,65.99,16.5,10.87,55.12,Regular,East,Online,3.6,False,5,Q2,Sunday,True
TXN_001880,2023-08-16,Toys,100.69,3,302.08,20.5,61.91,240.17,Regular,Central,Online,4.0,True,8,Q3,Wednesday,False
TXN_001881,2022-06-11,Books,9.6,3,28.81,14.3,4.12,24.7,Budget,West,Mobile App,3.5,False,6,Q2,Saturday,True
TXN_001882,2022-06-15,Home & Garden,178.66,3,535.97,4.0,21.19,514.78,Budget,Central,Retail Store,3.9,False,6,Q2,Wednesday,False
TXN_001883,2022-08-13,Home & Garden,47.23,4,188.94,18.5,34.91,154.03,Budget,West,Mobile App,1.6,False,8,Q3,Saturday,True
TXN_001884,2023-08-25,Home & Garden,229.18,1,229.18,1.0,2.22,226.96,Regular,East,Retail Store,3.0,False,8,Q3,Friday,False
TXN_001885,2023-08-15,Toys,46.79,1,46.79,3.4,1.59,45.2,Premium,South,Online,4.2,True,8,Q3,Tuesday,False
TXN_001886,2022-08-18,Electronics,841.32,1,841.32,7.4,62.29,779.02,Regular,North,Online,3.2,False,8,Q3,Thursday,False
TXN_001887,2023-06-07,Books,48.17,4,192.67,14.9,28.65,164.02,Regular,North,Online,3.8,False,6,Q2,Wednesday,False
TXN_001888,2023-10-01,Sports,128.39,4,513.57,3.5,17.96,495.61,Budget,Central,Online,2.2,False,10,Q4,Sunday,True
TXN_001889,2022-08-04,Beauty,108.28,2,216.56,7.6,16.5,200.06,Budget,West,Online,3.7,True,8,Q3,Thursday,False
TXN_001890,2023-10-29,Books,29.1,5,145.49,25.9,37.65,107.84,Regular,East,Mobile App,3.3,False,10,Q4,Sunday,True
TXN_001891,2022-09-24,Books,53.74,4,214.95,7.2,15.57,199.39,Regular,North,Retail Store,3.1,False,9,Q3,Saturday,True
TXN_001892,2022-04-20,Clothing,99.49,2,198.99,21.1,42.01,156.97,Regular,East,Online,3.6,False,4,Q2,Wednesday,False
TXN_001893,2023-03-28,Toys,91.7,4,366.8,10.3,37.66,329.14,Budget,South,Retail Store,3.4,True,3,Q1,Tuesday,False
TXN_001894,2023-12-09,Electronics,496.24,2,992.47,20.5,203.22,789.26,Budget,Central,Retail Store,2.3,False,12,Q4,Saturday,True
TXN_001895,2022-07-12,Sports,347.49,4,1389.94,23.7,328.8,1061.14,Budget,East,Online,3.7,False,7,Q3,Tuesday,False
TXN_001896,2023-09-17,Clothing,128.93,3,386.8,16.3,62.91,323.89,Regular,West,Mobile App,3.3,False,9,Q3,Sunday,True
TXN_001897,2022-04-26,Books,27.85,5,139.26,0.9,1.24,138.03,Budget,West,Online,4.5,False,4,Q2,Tuesday,False
TXN_001898,2022-12-11,Books,11.13,3,33.4,9.8,3.29,30.11,Regular,South,Online,5.0,True,12,Q4,Sunday,True
TXN_001899,2022-05-26,Home & Garden,211.89,3,635.68,6.2,39.4,596.28,Premium,East,Online,4.2,True,5,Q2,Thursday,False
TXN_001900,2022-09-19,Toys,86.13,2,172.25,20.2,34.81,137.44,Budget,Central,Mobile App,2.7,False,9,Q3,Monday,False
TXN_001901,2023-11-07,Electronics,644.8,1,644.8,12.9,83.33,561.47,Regular,South,Retail Store,4.3,True,11,Q4,Tuesday,False
TXN_001902,2023-11-21,Home & Garden,332.05,2,664.09,28.6,190.06,474.03,Budget,West,Mobile App,4.1,True,11,Q4,Tuesday,False
TXN_001903,2023-04-17,Home & Garden,475.5,3,1426.51,6.5,92.47,1334.03,Premium,Central,Retail Store,3.8,False,4,Q2,Monday,False
TXN_001904,2022-06-26,Books,32.1,4,128.42,12.2,15.64,112.78,Regular,Central,Retail Store,2.8,False,6,Q2,Sunday,True
TXN_001905,2023-08-17,Home & Garden,166.81,4,667.23,4.5,29.81,637.42,Budget,East,Online,3.6,True,8,Q3,Thursday,False
TXN_001906,2022-08-02,Home & Garden,376.81,4,1507.24,21.9,330.52,1176.71,Budget,East,Online,3.6,True,8,Q3,Tuesday,False
TXN_001907,2023-05-28,Toys,82.75,5,413.77,2.5,10.2,403.57,Premium,West,Retail Store,3.9,False,5,Q2,Sunday,True
TXN_001908,2022-08-27,Books,49.25,1,49.25,6.7,3.32,45.93,Regular,East,Retail Store,2.6,False,8,Q3,Saturday,True
TXN_001909,2023-03-28,Books,79.31,5,396.57,13.8,54.56,342.01,Regular,North,Online,4.8,False,3,Q1,Tuesday,False
TXN_001910,2022-02-19,Home & Garden,50.61,6,303.66,15.3,46.58,257.08,Regular,East,Online,3.9,True,2,Q1,Saturday,True
TXN_001911,2023-05-23,Sports,405.51,1,405.51,17.0,68.95,336.55,Regular,North,Online,2.6,False,5,Q2,Tuesday,False
TXN_001912,2023-07-23,Toys,91.6,5,458.0,2.6,11.99,446.01,Premium,West,Online,3.6,False,7,Q3,Sunday,True
TXN_001913,2023-01-31,Sports,128.67,3,386.0,8.4,32.3,353.7,Regular,North,Online,4.0,True,1,Q1,Tuesday,False
TXN_001914,2023-11-30,Beauty,156.53,4,626.12,30.7,192.34,433.77,Premium,East,Online,4.6,True,11,Q4,Thursday,False
TXN_001915,2022-06-09,Electronics,1307.55,2,2615.11,3.5,92.26,2522.85,Regular,North,Retail Store,3.6,False,6,Q2,Thursday,False
TXN_001916,2022-10-17,Toys,188.87,2,377.73,10.5,39.57,338.16,Premium,Central,Mobile App,3.0,True,10,Q4,Monday,False
TXN_001917,2023-09-03,Electronics,2053.89,1,2053.89,5.2,106.11,1947.77,Premium,South,Online,3.6,True,9,Q3,Sunday,True
TXN_001918,2023-09-04,Sports,170.72,1,170.72,2.0,3.4,167.32,Budget,North,Retail Store,3.2,False,9,Q3,Monday,False
TXN_001919,2023-02-28,Sports,517.29,2,1034.59,8.0,82.51,952.08,Premium,East,Retail Store,5.0,True,2,Q1,Tuesday,False
TXN_001920,2022-04-19,Toys,76.68,2,153.36,9.1,13.93,139.43,Budget,West,Online,3.4,False,4,Q2,Tuesday,False
TXN_001921,2022-11-02,Home & Garden,468.94,4,1875.75,21.0,394.55,1481.2,Regular,North,Mobile App,4.5,True,11,Q4,Wednesday,False
TXN_001922,2023-05-12,Books,100.13,4,400.52,17.5,70.18,330.33,Premium,North,Mobile App,3.5,False,5,Q2,Friday,False
TXN_001923,2023-05-19,Electronics,726.66,1,726.66,11.7,85.05,641.6,Regular,South,Online,5.0,False,5,Q2,Friday,False
TXN_001924,2022-09-22,Books,15.31,5,76.54,6.5,5.01,71.53,Budget,West,Retail Store,3.9,True,9,Q3,Thursday,False
TXN_001925,2022-03-24,Sports,195.35,2,390.7,17.0,66.57,324.13,Premium,East,Mobile App,3.8,False,3,Q1,Thursday,False
TXN_001926,2022-01-31,Home & Garden,458.56,1,458.56,18.8,86.38,372.18,Regular,Central,Online,3.1,False,1,Q1,Monday,False
TXN_001927,2022-03-19,Electronics,117.34,1,117.34,3.3,3.86,113.48,Budget,West,Retail Store,3.5,False,3,Q1,Saturday,True
TXN_001928,2022-05-19,Sports,47.97,4,191.87,5.7,10.89,180.98,Regular,East,Retail Store,3.3,False,5,Q2,Thursday,False
TXN_001929,2023-11-16,Books,61.54,3,184.61,18.9,34.89,149.72,Regular,North,Mobile App,3.3,False,11,Q4,Thursday,False
TXN_001930,2022-09-01,Clothing,179.87,4,719.48,0.8,5.98,713.5,Budget,North,Retail Store,2.0,True,9,Q3,Thursday,False
TXN_001931,2022-04-09,Sports,467.97,4,1871.89,22.7,425.32,1446.57,Premium,South,Mobile App,4.7,False,4,Q2,Saturday,True
TXN_001932,2022-07-05,Beauty,128.98,4,515.91,5.6,28.95,486.95,Regular,East,Retail Store,3.1,False,7,Q3,Tuesday,False
TXN_001933,2022-10-04,Clothing,523.29,3,1569.87,11.6,182.4,1387.47,Premium,South,Online,3.6,False,10,Q4,Tuesday,False
TXN_001934,2023-08-21,Toys,35.68,2,71.36,22.5,16.06,55.3,Regular,North,Online,3.3,False,8,Q3,Monday,False
TXN_001935,2022-02-14,Sports,444.29,2,888.59,28.8,255.53,633.06,Premium,Central,Mobile App,4.0,False,2,Q1,Monday,False
TXN_001936,2023-05-16,Books,55.62,2,111.23,11.6,12.93,98.3,Premium,West,Mobile App,4.1,True,5,Q2,Tuesday,False
TXN_001937,2022-01-04,Electronics,614.55,1,614.55,8.6,53.11,561.43,Budget,Central,Retail Store,4.1,True,1,Q1,Tuesday,False
TXN_001938,2022-12-13,Beauty,101.69,4,406.78,34.4,140.0,266.78,Regular,East,Mobile App,3.4,True,12,Q4,Tuesday,False
TXN_001939,2022-02-06,Sports,61.5,6,369.02,12.9,47.68,321.34,Regular,Central,Online,5.0,False,2,Q1,Sunday,True
TXN_001940,2022-08-30,Beauty,222.41,4,889.64,23.6,210.0,679.64,Premium,East,Mobile App,4.3,False,8,Q3,Tuesday,False
TXN_001941,2023-09-23,Electronics,755.48,2,1510.96,12.0,181.43,1329.53,Regular,Central,Retail Store,3.7,False,9,Q3,Saturday,True
TXN_001942,2022-03-09,Home & Garden,163.48,2,326.97,11.1,36.42,290.55,Budget,West,Retail Store,1.9,False,3,Q1,Wednesday,False
TXN_001943,2022-04-28,Home & Garden,307.38,1,307.38,0.1,0.21,307.16,Regular,East,Retail Store,3.9,True,4,Q2,Thursday,False
TXN_001944,2022-10-25,Beauty,41.82,7,292.76,21.1,61.76,231.01,Regular,West,Online,4.5,False,10,Q4,Tuesday,False
TXN_001945,2023-03-19,Beauty,54.97,7,384.78,10.0,38.42,346.36,Budget,West,Retail Store,3.4,True,3,Q1,Sunday,True
TXN_001946,2023-04-30,Toys,27.6,3,82.81,18.9,15.66,67.14,Budget,East,Mobile App,3.1,True,4,Q2,Sunday,True
TXN_001947,2022-02-26,Toys,35.06,4,140.24,16.3,22.87,117.37,Budget,West,Online,3.9,False,2,Q1,Saturday,True
TXN_001948,2022-07-28,Sports,237.63,2,475.25,8.8,41.87,433.38,Budget,Central,Retail Store,4.0,True,7,Q3,Thursday,False
TXN_001949,2022-09-26,Electronics,758.85,1,758.85,9.5,72.26,686.59,Budget,Central,Online,2.0,False,9,Q3,Monday,False
TXN_001950,2023-10-13,Sports,70.65,4,282.59,23.4,66.26,216.33,Regular,Central,Mobile App,3.4,False,10,Q4,Friday,False
TXN_001951,2022-08-05,Sports,47.99,3,143.96,9.7,13.94,130.02,Regular,Central,Online,4.8,True,8,Q3,Friday,False
TXN_001952,2023-07-15,Toys,33.96,7,237.69,10.2,24.23,213.46,Regular,East,Mobile App,4.1,True,7,Q3,Saturday,True
TXN_001953,2023-01-05,Sports,159.03,1,159.03,0.7,1.07,157.96,Budget,South,Retail Store,4.1,True,1,Q1,Thursday,False
TXN_001954,2023-03-17,Electronics,437.03,1,437.03,12.6,55.05,381.98,Premium,South,Mobile App,3.3,False,3,Q1,Friday,False
TXN_001955,2023-03-06,Clothing,138.85,2,277.7,0.4,1.19,276.51,Regular,South,Retail Store,3.6,True,3,Q1,Monday,False
TXN_001956,2023-09-11,Clothing,298.91,4,1195.63,5.6,66.89,1128.74,Regular,Central,Online,5.0,False,9,Q3,Monday,False
TXN_001957,2023-08-30,Beauty,122.49,3,367.48,29.0,106.67,260.81,Budget,East,Mobile App,3.6,True,8,Q3,Wednesday,False
TXN_001958,2022-12-16,Clothing,165.59,2,331.18,29.7,98.42,232.76,Premium,North,Retail Store,5.0,False,12,Q4,Friday,False
TXN_001959,2023-03-13,Electronics,1784.67,2,3569.35,16.0,570.85,2998.49,Regular,North,Mobile App,4.0,False,3,Q1,Monday,False
TXN_001960,2023-11-16,Sports,135.45,3,406.35,35.3,143.47,262.88,Regular,Central,Mobile App,3.1,True,11,Q4,Thursday,False
TXN_001961,2023-10-25,Toys,112.05,3,336.14,5.1,16.98,319.16,Budget,Central,Mobile App,2.6,False,10,Q4,Wednesday,False
TXN_001962,2023-08-26,Clothing,127.81,2,255.63,5.0,12.88,242.74,Budget,Central,Retail Store,4.1,False,8,Q3,Saturday,True
TXN_001963,2022-12-27,Toys,91.94,1,91.94,23.6,21.65,70.29,Premium,Central,Mobile App,4.2,True,12,Q4,Tuesday,False
TXN_001964,2023-12-12,Sports,245.83,2,491.66,12.5,61.47,430.19,Budget,East,Online,3.1,True,12,Q4,Tuesday,False
TXN_001965,2022-11-14,Beauty,12.18,6,73.07,12.4,9.09,63.98,Budget,West,Retail Store,3.5,False,11,Q4,Monday,False
TXN_001966,2023-11-05,Clothing,185.11,4,740.45,28.2,208.53,531.92,Regular,West,Online,3.4,False,11,Q4,Sunday,True
TXN_001967,2022-07-17,Books,63.01,4,252.06,1.9,4.79,247.26,Regular,East,Retail Store,4.7,False,7,Q3,Sunday,True
TXN_001968,2022-07-11,Sports,167.29,1,167.29,24.7,41.31,125.98,Regular,East,Mobile App,3.6,False,7,Q3,Monday,False
TXN_001969,2023-11-24,Electronics,2124.47,1,2124.47,32.5,691.3,1433.16,Regular,Central,Mobile App,3.6,False,11,Q4,Friday,False
TXN_001970,2022-10-04,Books,28.89,3,86.68,23.4,20.26,66.42,Budget,East,Online,4.2,False,10,Q4,Tuesday,False
TXN_001971,2023-10-18,Home & Garden,469.23,3,1407.7,4.1,58.33,1349.36,Premium,South,Retail Store,3.7,False,10,Q4,Wednesday,False
TXN_001972,2023-12-16,Beauty,29.95,6,179.7,19.7,35.33,144.37,Regular,South,Retail Store,2.9,True,12,Q4,Saturday,True
TXN_001973,2023-05-21,Clothing,125.43,1,125.43,9.0,11.32,114.11,Regular,West,Mobile App,2.1,True,5,Q2,Sunday,True
TXN_001974,2023-04-02,Clothing,77.34,1,77.34,21.9,16.96,60.37,Regular,West,Mobile App,2.1,False,4,Q2,Sunday,True
TXN_001975,2023-06-05,Electronics,2266.77,1,2266.77,8.1,184.11,2082.66,Premium,West,Retail Store,4.7,False,6,Q2,Monday,False
TXN_001976,2022-01-01,Sports,190.82,3,572.47,27.1,154.87,417.6,Premium,East,Mobile App,3.7,False,1,Q1,Saturday,True
TXN_001977,2023-12-22,Clothing,186.72,1,186.72,24.3,45.39,141.33,Regular,Central,Online,4.2,True,12,Q4,Friday,False
TXN_001978,2022-02-06,Books,59.64,2,119.29,0.9,1.05,118.24,Budget,Central,Retail Store,2.5,True,2,Q1,Sunday,True
TXN_001979,2022-10-31,Clothing,146.06,4,584.24,7.7,45.28,538.97,Premium,South,Online,3.9,True,10,Q4,Monday,False
TXN_001980,2022-01-16,Clothing,82.65,2,165.29,20.9,34.58,130.72,Regular,Central,Online,4.7,False,1,Q1,Sunday,True
TXN_001981,2022-09-18,Beauty,46.52,6,279.11,10.0,28.04,251.06,Premium,North,Retail Store,2.6,False,9,Q3,Sunday,True
TXN_001982,2023-03-20,Toys,125.0,2,249.99,17.4,43.39,206.6,Regular,Central,Mobile App,4.5,True,3,Q1,Monday,False
TXN_001983,2022-10-09,Books,57.61,7,403.25,11.1,44.59,358.66,Budget,Central,Retail Store,2.4,False,10,Q4,Sunday,True
TXN_001984,2022-03-31,Books,34.81,5,174.07,22.5,39.18,134.89,Regular,East,Online,3.9,False,3,Q1,Thursday,False
TXN_001985,2022-01-09,Beauty,121.17,1,121.17,18.9,22.88,98.29,Regular,South,Mobile App,3.7,True,1,Q1,Sunday,True
TXN_001986,2022-07-27,Home & Garden,135.35,1,135.35,27.7,37.52,97.83,Budget,South,Mobile App,3.0,False,7,Q3,Wednesday,False
TXN_001987,2022-09-03,Electronics,618.21,1,618.21,4.0,24.78,593.43,Budget,East,Online,4.5,True,9,Q3,Saturday,True
TXN_001988,2022-07-19,Toys,135.44,3,406.32,15.7,63.92,342.4,Regular,South,Mobile App,4.6,False,7,Q3,Tuesday,False
TXN_001989,2023-07-16,Clothing,167.46,3,502.37,0.6,2.77,499.6,Budget,Central,Online,2.2,True,7,Q3,Sunday,True
TXN_001990,2022-12-07,Home & Garden,158.37,3,475.12,13.7,64.89,410.23,Budget,East,Online,2.9,False,12,Q4,Wednesday,False
TXN_001991,2023-05-01,Clothing,50.28,3,150.83,5.6,8.37,142.46,Budget,East,Online,4.6,False,5,Q2,Monday,False
TXN_001992,2022-09-20,Toys,113.18,2,226.37,13.0,29.38,196.99,Premium,Central,Retail Store,3.2,False,9,Q3,Tuesday,False
TXN_001993,2023-11-23,Books,37.36,1,37.36,29.7,11.1,26.25,Regular,East,Online,3.4,False,11,Q4,Thursday,False
TXN_001994,2022-10-22,Books,62.87,1,62.87,6.6,4.15,58.72,Regular,Central,Mobile App,3.6,False,10,Q4,Saturday,True
TXN_001995,2022-01-29,Books,47.24,3,141.73,12.9,18.29,123.44,Premium,North,Online,4.0,True,1,Q1,Saturday,True
TXN_001996,2023-12-03,Clothing,159.4,4,637.6,21.2,135.48,502.12,Budget,Central,Retail Store,2.9,False,12,Q4,Sunday,True
TXN_001997,2022-02-11,Sports,121.78,3,365.33,6.1,22.37,342.96,Regular,West,Retail Store,3.2,False,2,Q1,Friday,False
TXN_001998,2023-02-10,Beauty,42.48,7,297.37,6.0,17.79,279.57,Regular,South,Mobile App,3.2,False,2,Q1,Friday,False
TXN_001999,2023-04-10,Books,22.92,3,68.75,2.5,1.72,67.03,Premium,Central,Retail Store,3.2,False,4,Q2,Monday,False
TXN_002000,2023-02-03,Toys,75.47,1,75.47,2.5,1.87,73.6,Regular,South,Online,3.3,False,2,Q1,Friday,False
